path,label,category,group,sizeClass,sizeClassSource,targetHeightUnits,walkableOrSolid,marketplaceEligible,priceCents,priceDollars,priceTier,spinWheelEligible,interactable,needsNewAnimation,interactNote
/world/models/aquarium/anglerfish.glb,Anglerfish,aquarium,Nature & Animals,smallObject,category-fallback,0.698,walkable (walk-through),yes,150,1.50,paid,yes,yes,no,static click-to-collect
/world/models/aquarium/armored-catfish.glb,Armored Catfish,aquarium,Nature & Animals,smallObject,category-fallback,0.698,walkable (walk-through),yes,150,1.50,paid,yes,yes,no,static click-to-collect
/world/models/aquarium/betta.glb,Betta,aquarium,Nature & Animals,smallObject,category-fallback,0.698,walkable (walk-through),yes,150,1.50,paid,yes,yes,no,static click-to-collect
/world/models/aquarium/black-lion-fish.glb,Black Lion Fish,aquarium,Nature & Animals,smallObject,category-fallback,0.698,walkable (walk-through),yes,150,1.50,paid,yes,yes,no,static click-to-collect
/world/models/aquarium/blobfish.glb,Blobfish,aquarium,Nature & Animals,smallObject,category-fallback,0.698,walkable (walk-through),yes,150,1.50,paid,yes,yes,no,static click-to-collect
/world/models/aquarium/blue-goldfish.glb,Blue Goldfish,aquarium,Nature & Animals,smallObject,category-fallback,0.698,walkable (walk-through),yes,150,1.50,paid,yes,yes,no,static click-to-collect
/world/models/aquarium/blue-tang.glb,Blue Tang,aquarium,Nature & Animals,smallObject,category-fallback,0.698,walkable (walk-through),yes,150,1.50,paid,yes,yes,no,static click-to-collect
/world/models/aquarium/boat.glb,Boat,aquarium,Nature & Animals,smallObject,category-fallback,0.698,walkable (walk-through),yes,150,1.50,paid,yes,yes,no,static click-to-collect
/world/models/aquarium/butterfly-fish.glb,Butterfly Fish,aquarium,Nature & Animals,smallObject,category-fallback,0.698,walkable (walk-through),yes,150,1.50,paid,yes,yes,no,static click-to-collect
/world/models/aquarium/cardinal-fish.glb,Cardinal Fish,aquarium,Nature & Animals,smallObject,category-fallback,0.698,walkable (walk-through),yes,150,1.50,paid,yes,yes,no,static click-to-collect
/world/models/aquarium/clownfish.glb,Clownfish,aquarium,Nature & Animals,smallObject,category-fallback,0.698,walkable (walk-through),yes,150,1.50,paid,yes,yes,no,static click-to-collect
/world/models/aquarium/coral-grouper.glb,Coral Grouper,aquarium,Nature & Animals,smallObject,category-fallback,0.698,walkable (walk-through),yes,150,1.50,paid,yes,yes,no,static click-to-collect
/world/models/aquarium/cowfish.glb,Cowfish,aquarium,Nature & Animals,smallObject,category-fallback,0.698,walkable (walk-through),yes,150,1.50,paid,yes,yes,no,static click-to-collect
/world/models/aquarium/dock-long-no-rope.glb,Dock Long No Rope,aquarium,Nature & Animals,smallObject,category-fallback,0.698,walkable (walk-through),yes,150,1.50,paid,yes,yes,no,static click-to-collect
/world/models/aquarium/dock-long.glb,Dock Long,aquarium,Nature & Animals,smallObject,category-fallback,0.698,walkable (walk-through),yes,150,1.50,paid,yes,yes,no,static click-to-collect
/world/models/aquarium/dock-stairs.glb,Dock Stairs,aquarium,Nature & Animals,smallObject,category-fallback,0.698,walkable (walk-through),yes,150,1.50,paid,yes,yes,no,static click-to-collect
/world/models/aquarium/dock-wide.glb,Dock Wide,aquarium,Nature & Animals,smallObject,category-fallback,0.698,walkable (walk-through),yes,150,1.50,paid,yes,yes,no,static click-to-collect
/world/models/aquarium/fishing-rod-lvl1.glb,Fishing Rod Lvl1,aquarium,Nature & Animals,smallObject,category-fallback,0.698,walkable (walk-through),yes,150,1.50,paid,yes,yes,no,static click-to-collect
/world/models/aquarium/fishing-rod-lvl2.glb,Fishing Rod Lvl2,aquarium,Nature & Animals,smallObject,category-fallback,0.698,walkable (walk-through),yes,150,1.50,paid,yes,yes,no,static click-to-collect
/world/models/aquarium/fishing-rod-lvl3.glb,Fishing Rod Lvl3,aquarium,Nature & Animals,smallObject,category-fallback,0.698,walkable (walk-through),yes,150,1.50,paid,yes,yes,no,static click-to-collect
/world/models/aquarium/fishing-rod-lvl4.glb,Fishing Rod Lvl4,aquarium,Nature & Animals,smallObject,category-fallback,0.698,walkable (walk-through),yes,150,1.50,paid,yes,yes,no,static click-to-collect
/world/models/aquarium/fishing-rod-lvl5.glb,Fishing Rod Lvl5,aquarium,Nature & Animals,smallObject,category-fallback,0.698,walkable (walk-through),yes,150,1.50,paid,yes,yes,no,static click-to-collect
/world/models/aquarium/flatfish.glb,Flatfish,aquarium,Nature & Animals,smallObject,category-fallback,0.698,walkable (walk-through),yes,150,1.50,paid,yes,yes,no,static click-to-collect
/world/models/aquarium/flower-horn.glb,Flower Horn,aquarium,Nature & Animals,smallObject,category-fallback,0.698,walkable (walk-through),yes,150,1.50,paid,yes,yes,no,static click-to-collect
/world/models/aquarium/goblin-shark.glb,Goblin Shark,aquarium,Nature & Animals,smallObject,category-fallback,0.698,walkable (walk-through),yes,150,1.50,paid,yes,yes,no,static click-to-collect
/world/models/aquarium/goldfish.glb,Goldfish,aquarium,Nature & Animals,smallObject,category-fallback,0.698,walkable (walk-through),yes,150,1.50,paid,yes,yes,no,static click-to-collect
/world/models/aquarium/humphead.glb,Humphead,aquarium,Nature & Animals,smallObject,category-fallback,0.698,walkable (walk-through),yes,150,1.50,paid,yes,yes,no,static click-to-collect
/world/models/aquarium/koi.glb,Koi,aquarium,Nature & Animals,smallObject,category-fallback,0.698,walkable (walk-through),yes,150,1.50,paid,yes,yes,no,static click-to-collect
/world/models/aquarium/lionfish.glb,Lionfish,aquarium,Nature & Animals,smallObject,category-fallback,0.698,walkable (walk-through),yes,150,1.50,paid,yes,yes,no,static click-to-collect
/world/models/aquarium/lure-1.glb,Lure 1,aquarium,Nature & Animals,smallObject,category-fallback,0.698,walkable (walk-through),yes,150,1.50,paid,yes,yes,no,static click-to-collect
/world/models/aquarium/lure-2.glb,Lure 2,aquarium,Nature & Animals,smallObject,category-fallback,0.698,walkable (walk-through),yes,150,1.50,paid,yes,yes,no,static click-to-collect
/world/models/aquarium/lure-3.glb,Lure 3,aquarium,Nature & Animals,smallObject,category-fallback,0.698,walkable (walk-through),yes,150,1.50,paid,yes,yes,no,static click-to-collect
/world/models/aquarium/lure-4.glb,Lure 4,aquarium,Nature & Animals,smallObject,category-fallback,0.698,walkable (walk-through),yes,150,1.50,paid,yes,yes,no,static click-to-collect
/world/models/aquarium/lure-5.glb,Lure 5,aquarium,Nature & Animals,smallObject,category-fallback,0.698,walkable (walk-through),yes,150,1.50,paid,yes,yes,no,static click-to-collect
/world/models/aquarium/lure-6.glb,Lure 6,aquarium,Nature & Animals,smallObject,category-fallback,0.698,walkable (walk-through),yes,150,1.50,paid,yes,yes,no,static click-to-collect
/world/models/aquarium/mandarin-fish.glb,Mandarin Fish,aquarium,Nature & Animals,smallObject,category-fallback,0.698,walkable (walk-through),yes,150,1.50,paid,yes,yes,no,static click-to-collect
/world/models/aquarium/moorish-idol.glb,Moorish Idol,aquarium,Nature & Animals,smallObject,category-fallback,0.698,walkable (walk-through),yes,150,1.50,paid,yes,yes,no,static click-to-collect
/world/models/aquarium/parrot-fish.glb,Parrot Fish,aquarium,Nature & Animals,smallObject,category-fallback,0.698,walkable (walk-through),yes,150,1.50,paid,yes,yes,no,static click-to-collect
/world/models/aquarium/piranha.glb,Piranha,aquarium,Nature & Animals,smallObject,category-fallback,0.698,walkable (walk-through),yes,150,1.50,paid,yes,yes,no,static click-to-collect
/world/models/aquarium/puffer.glb,Puffer,aquarium,Nature & Animals,smallObject,category-fallback,0.698,walkable (walk-through),yes,150,1.50,paid,yes,yes,no,static click-to-collect
/world/models/aquarium/red-snapper.glb,Red Snapper,aquarium,Nature & Animals,smallObject,category-fallback,0.698,walkable (walk-through),yes,150,1.50,paid,yes,yes,no,static click-to-collect
/world/models/aquarium/royal-gramma.glb,Royal Gramma,aquarium,Nature & Animals,smallObject,category-fallback,0.698,walkable (walk-through),yes,150,1.50,paid,yes,yes,no,static click-to-collect
/world/models/aquarium/shark.glb,Shark,aquarium,Nature & Animals,smallObject,category-fallback,0.698,walkable (walk-through),yes,150,1.50,paid,yes,yes,no,static click-to-collect
/world/models/aquarium/sunfish.glb,Sunfish,aquarium,Nature & Animals,smallObject,category-fallback,0.698,walkable (walk-through),yes,150,1.50,paid,yes,yes,no,static click-to-collect
/world/models/aquarium/swordfish.glb,Swordfish,aquarium,Nature & Animals,smallObject,category-fallback,0.698,walkable (walk-through),yes,150,1.50,paid,yes,yes,no,static click-to-collect
/world/models/aquarium/tang.glb,Tang,aquarium,Nature & Animals,smallObject,category-fallback,0.698,walkable (walk-through),yes,150,1.50,paid,yes,yes,no,static click-to-collect
/world/models/aquarium/tetra.glb,Tetra,aquarium,Nature & Animals,smallObject,category-fallback,0.698,walkable (walk-through),yes,150,1.50,paid,yes,yes,no,static click-to-collect
/world/models/aquarium/tuna.glb,Tuna,aquarium,Nature & Animals,smallObject,category-fallback,0.698,walkable (walk-through),yes,150,1.50,paid,yes,yes,no,static click-to-collect
/world/models/aquarium/turbot.glb,Turbot,aquarium,Nature & Animals,smallObject,category-fallback,0.698,walkable (walk-through),yes,150,1.50,paid,yes,yes,no,static click-to-collect
/world/models/aquarium/worm.glb,Worm,aquarium,Nature & Animals,smallObject,category-fallback,0.698,walkable (walk-through),yes,150,1.50,paid,yes,yes,no,static click-to-collect
/world/models/aquarium/yellow-tang.glb,Yellow Tang,aquarium,Nature & Animals,smallObject,category-fallback,0.698,walkable (walk-through),yes,150,1.50,paid,yes,yes,no,static click-to-collect
/world/models/aquarium/zebra-clown-fish.glb,Zebra Clown Fish,aquarium,Nature & Animals,smallObject,category-fallback,0.698,walkable (walk-through),yes,150,1.50,paid,yes,yes,no,static click-to-collect
/world/models/buildings/apartment-building.glb,Apartment Building,buildings,Buildings & Places,largeStructure,category-fallback,7.853,solid (blocks movement),yes,3500,35.00,paid,no,no,no,"placed decoration only, not clickable"
/world/models/buildings/bank.glb,Bank,buildings,Buildings & Places,largeStructure,category-fallback,7.853,solid (blocks movement),yes,3500,35.00,paid,no,no,no,"placed decoration only, not clickable"
/world/models/buildings/building-extra.glb,Building Extra,buildings,Buildings & Places,largeStructure,category-fallback,7.853,solid (blocks movement),yes,3500,35.00,paid,no,no,no,"placed decoration only, not clickable"
/world/models/buildings/cabin-shed.glb,Cabin Shed,buildings,Buildings & Places,smallStructure,keyword,5.235,solid (blocks movement),yes,2000,20.00,paid,no,no,no,"placed decoration only, not clickable"
/world/models/buildings/cinema.glb,Cinema,buildings,Buildings & Places,largeStructure,category-fallback,7.853,solid (blocks movement),yes,3500,35.00,paid,no,no,no,"placed decoration only, not clickable"
/world/models/buildings/hospital.glb,Hospital,buildings,Buildings & Places,largeStructure,category-fallback,7.853,solid (blocks movement),yes,3500,35.00,paid,no,no,no,"placed decoration only, not clickable"
/world/models/buildings/house-2.glb,House 2,buildings,Buildings & Places,largeStructure,keyword,7.853,solid (blocks movement),yes,3500,35.00,paid,no,no,no,"placed decoration only, not clickable"
/world/models/buildings/house-quaternius.glb,House Quaternius,buildings,Buildings & Places,largeStructure,keyword,7.853,solid (blocks movement),yes,3500,35.00,paid,no,no,no,"placed decoration only, not clickable"
/world/models/buildings/house.glb,House,buildings,Buildings & Places,largeStructure,keyword,7.853,solid (blocks movement),yes,3500,35.00,paid,no,no,no,"placed decoration only, not clickable"
/world/models/buildings/office-building-2.glb,Office Building 2,buildings,Buildings & Places,largeStructure,category-fallback,7.853,solid (blocks movement),yes,3500,35.00,paid,no,no,no,"placed decoration only, not clickable"
/world/models/buildings/office-building-3.glb,Office Building 3,buildings,Buildings & Places,largeStructure,category-fallback,7.853,solid (blocks movement),yes,3500,35.00,paid,no,no,no,"placed decoration only, not clickable"
/world/models/buildings/office-building.glb,Office Building,buildings,Buildings & Places,largeStructure,category-fallback,7.853,solid (blocks movement),yes,3500,35.00,paid,no,no,no,"placed decoration only, not clickable"
/world/models/buildings/post-office.glb,Post Office,buildings,Buildings & Places,personScale,keyword,1.745,solid (blocks movement),yes,800,8.00,paid,no,no,no,"placed decoration only, not clickable"
/world/models/buildings/store.glb,Store,buildings,Buildings & Places,largeStructure,category-fallback,7.853,solid (blocks movement),yes,3500,35.00,paid,no,no,no,"placed decoration only, not clickable"
/world/models/buildings/windmill-cottage.glb,Windmill Cottage,buildings,Buildings & Places,smallStructure,keyword,5.235,solid (blocks movement),yes,2000,20.00,paid,no,no,no,"placed decoration only, not clickable"
/world/models/camping/Archery_Target.glb,Archery Target,camping,Nature & Animals,smallObject,keyword,0.436,walkable (walk-through),yes,150,1.50,paid,no,yes,no,static click-to-collect
/world/models/camping/Backpack_A.glb,Backpack A,camping,Nature & Animals,smallObject,keyword,0.436,walkable (walk-through),yes,150,1.50,paid,no,yes,no,static click-to-collect
/world/models/camping/Bear_Canister.glb,Bear Canister,camping,Nature & Animals,smallObject,keyword,0.436,walkable (walk-through),yes,150,1.50,paid,no,yes,no,static click-to-collect
/world/models/camping/Bell_Tent_A.glb,Bell Tent A,camping,Nature & Animals,personScale,category-fallback,2.618,walkable (walk-through),yes,800,8.00,paid,no,no,no,"placed decoration only, not clickable"
/world/models/camping/Birch_Tree_A.glb,Birch Tree A,camping,Nature & Animals,personScale,category-fallback,2.618,walkable (walk-through),yes,800,8.00,paid,no,no,no,"placed decoration only, not clickable"
/world/models/camping/Camp_Lantern_A.glb,Camp Lantern A,camping,Nature & Animals,personScale,category-fallback,2.618,walkable (walk-through),yes,800,8.00,paid,no,no,no,"placed decoration only, not clickable"
/world/models/camping/Camp_Shower.glb,Camp Shower,camping,Nature & Animals,furniture,keyword,0.873,walkable (walk-through),yes,500,5.00,paid,no,no,no,"placed decoration only, not clickable"
/world/models/camping/Camp_Stool_A.glb,Camp Stool A,camping,Nature & Animals,furniture,keyword,0.873,walkable (walk-through),yes,500,5.00,paid,no,no,no,"placed decoration only, not clickable"
/world/models/camping/Camp_Stove_A.glb,Camp Stove A,camping,Nature & Animals,personScale,category-fallback,2.618,walkable (walk-through),yes,800,8.00,paid,no,no,no,"placed decoration only, not clickable"
/world/models/camping/Cooler_A.glb,Cooler A,camping,Nature & Animals,personScale,category-fallback,2.618,walkable (walk-through),yes,800,8.00,paid,no,no,no,"placed decoration only, not clickable"
/world/models/camping/Deck_Corner_A.glb,Deck Corner A,camping,Nature & Animals,personScale,category-fallback,2.618,walkable (walk-through),yes,800,8.00,paid,no,no,no,"placed decoration only, not clickable"
/world/models/camping/Fishing_Dock_A.glb,Fishing Dock A,camping,Nature & Animals,personScale,category-fallback,2.618,walkable (walk-through),yes,800,8.00,paid,no,no,no,"placed decoration only, not clickable"
/world/models/characters/ambient-1.glb,Ambient 1,characters,Characters,furniture,category-fallback,1.745,walkable (walk-through),yes,500,5.00,paid,no,no,no,"placed decoration only, not clickable"
/world/models/characters/ambient-2.glb,Ambient 2,characters,Characters,furniture,category-fallback,1.745,walkable (walk-through),yes,500,5.00,paid,no,no,no,"placed decoration only, not clickable"
/world/models/characters/ambient-3.glb,Ambient 3,characters,Characters,furniture,category-fallback,1.745,walkable (walk-through),yes,500,5.00,paid,no,no,no,"placed decoration only, not clickable"
/world/models/characters/neighbor-penny.glb,Neighbor Penny,characters,Characters,furniture,category-fallback,1.745,walkable (walk-through),yes,500,5.00,paid,no,no,no,"placed decoration only, not clickable"
/world/models/characters/neighbor-pip.glb,Neighbor Pip,characters,Characters,furniture,category-fallback,1.745,walkable (walk-through),yes,500,5.00,paid,no,no,no,"placed decoration only, not clickable"
/world/models/characters/neighbor-scout.glb,Neighbor Scout,characters,Characters,furniture,category-fallback,1.745,walkable (walk-through),yes,500,5.00,paid,no,no,no,"placed decoration only, not clickable"
/world/models/characters/neighbor-wren.glb,Neighbor Wren,characters,Characters,furniture,category-fallback,1.745,walkable (walk-through),yes,500,5.00,paid,no,no,no,"placed decoration only, not clickable"
/world/models/characters/player.glb,Player,characters,Characters,furniture,category-fallback,1.745,walkable (walk-through),yes,500,5.00,paid,no,no,no,"placed decoration only, not clickable"
/world/models/city/bench2.glb,Bench2,city,Buildings & Places,furniture,keyword,0.873,solid (blocks movement),yes,500,5.00,paid,no,no,no,"placed decoration only, not clickable"
/world/models/city/curvedRoad.glb,Curved Road,city,Buildings & Places,furniture,category-fallback,1.396,solid (blocks movement),yes,500,5.00,paid,no,no,no,"placed decoration only, not clickable"
/world/models/city/fireHydrant.glb,Fire Hydrant,city,Buildings & Places,smallObject,keyword,0.436,solid (blocks movement),yes,150,1.50,paid,no,yes,no,static click-to-collect
/world/models/city/garbageBin.glb,Garbage Bin,city,Buildings & Places,smallObject,keyword,0.436,solid (blocks movement),yes,150,1.50,paid,no,yes,no,static click-to-collect
/world/models/city/garden1.glb,Garden1,city,Buildings & Places,furniture,category-fallback,1.396,solid (blocks movement),yes,500,5.00,paid,no,no,no,"placed decoration only, not clickable"
/world/models/city/intersectionRoad.glb,Intersection Road,city,Buildings & Places,furniture,category-fallback,1.396,solid (blocks movement),yes,500,5.00,paid,no,no,no,"placed decoration only, not clickable"
/world/models/city/redCar.glb,Red Car,city,Buildings & Places,furniture,category-fallback,1.396,solid (blocks movement),yes,500,5.00,paid,no,no,no,"placed decoration only, not clickable"
/world/models/city/stopSign.glb,Stop Sign,city,Buildings & Places,personScale,keyword,1.745,solid (blocks movement),yes,800,8.00,paid,no,no,no,"placed decoration only, not clickable"
/world/models/city/straightRoad.glb,Straight Road,city,Buildings & Places,furniture,category-fallback,1.396,solid (blocks movement),yes,500,5.00,paid,no,no,no,"placed decoration only, not clickable"
/world/models/city/streetLight.glb,Street Light,city,Buildings & Places,pole,keyword,4.363,solid (blocks movement),yes,1000,10.00,paid,no,no,no,"placed decoration only, not clickable"
/world/models/city/trafficCone.glb,Traffic Cone,city,Buildings & Places,personScale,keyword,1.745,solid (blocks movement),yes,800,8.00,paid,no,no,no,"placed decoration only, not clickable"
/world/models/city/trafficLight.glb,Traffic Light,city,Buildings & Places,pole,keyword,4.363,solid (blocks movement),yes,1000,10.00,paid,no,no,no,"placed decoration only, not clickable"
/world/models/commercial-buildings/building-a.glb,Building A,commercial-buildings,Buildings & Places,largeStructure,category-fallback,7.853,solid (blocks movement),yes,3500,35.00,paid,no,no,no,"placed decoration only, not clickable"
/world/models/commercial-buildings/building-b.glb,Building B,commercial-buildings,Buildings & Places,largeStructure,category-fallback,7.853,solid (blocks movement),yes,3500,35.00,paid,no,no,no,"placed decoration only, not clickable"
/world/models/commercial-buildings/building-c.glb,Building C,commercial-buildings,Buildings & Places,largeStructure,category-fallback,7.853,solid (blocks movement),yes,3500,35.00,paid,no,no,no,"placed decoration only, not clickable"
/world/models/commercial-buildings/building-d.glb,Building D,commercial-buildings,Buildings & Places,largeStructure,category-fallback,7.853,solid (blocks movement),yes,3500,35.00,paid,no,no,no,"placed decoration only, not clickable"
/world/models/commercial-buildings/building-e.glb,Building E,commercial-buildings,Buildings & Places,largeStructure,category-fallback,7.853,solid (blocks movement),yes,3500,35.00,paid,no,no,no,"placed decoration only, not clickable"
/world/models/commercial-buildings/building-f.glb,Building F,commercial-buildings,Buildings & Places,largeStructure,category-fallback,7.853,solid (blocks movement),yes,3500,35.00,paid,no,no,no,"placed decoration only, not clickable"
/world/models/commercial-buildings/building-g.glb,Building G,commercial-buildings,Buildings & Places,largeStructure,category-fallback,7.853,solid (blocks movement),yes,3500,35.00,paid,no,no,no,"placed decoration only, not clickable"
/world/models/commercial-buildings/building-h.glb,Building H,commercial-buildings,Buildings & Places,largeStructure,category-fallback,7.853,solid (blocks movement),yes,3500,35.00,paid,no,no,no,"placed decoration only, not clickable"
/world/models/commercial-buildings/building-i.glb,Building I,commercial-buildings,Buildings & Places,largeStructure,category-fallback,7.853,solid (blocks movement),yes,3500,35.00,paid,no,no,no,"placed decoration only, not clickable"
/world/models/commercial-buildings/building-j.glb,Building J,commercial-buildings,Buildings & Places,largeStructure,category-fallback,7.853,solid (blocks movement),yes,3500,35.00,paid,no,no,no,"placed decoration only, not clickable"
/world/models/commercial-buildings/building-k.glb,Building K,commercial-buildings,Buildings & Places,largeStructure,category-fallback,7.853,solid (blocks movement),yes,3500,35.00,paid,no,no,no,"placed decoration only, not clickable"
/world/models/commercial-buildings/building-l.glb,Building L,commercial-buildings,Buildings & Places,largeStructure,category-fallback,7.853,solid (blocks movement),yes,3500,35.00,paid,no,no,no,"placed decoration only, not clickable"
/world/models/commercial-buildings/building-m.glb,Building M,commercial-buildings,Buildings & Places,largeStructure,category-fallback,7.853,solid (blocks movement),yes,3500,35.00,paid,no,no,no,"placed decoration only, not clickable"
/world/models/commercial-buildings/building-n.glb,Building N,commercial-buildings,Buildings & Places,largeStructure,category-fallback,7.853,solid (blocks movement),yes,3500,35.00,paid,no,no,no,"placed decoration only, not clickable"
/world/models/commercial-buildings/building-skyscraper-a.glb,Building Skyscraper A,commercial-buildings,Buildings & Places,cityStructure,keyword,15.705,solid (blocks movement),yes,5000,50.00,paid,no,no,no,"placed decoration only, not clickable"
/world/models/commercial-buildings/building-skyscraper-b.glb,Building Skyscraper B,commercial-buildings,Buildings & Places,cityStructure,keyword,15.705,solid (blocks movement),yes,5000,50.00,paid,no,no,no,"placed decoration only, not clickable"
/world/models/commercial-buildings/building-skyscraper-c.glb,Building Skyscraper C,commercial-buildings,Buildings & Places,cityStructure,keyword,15.705,solid (blocks movement),yes,5000,50.00,paid,no,no,no,"placed decoration only, not clickable"
/world/models/commercial-buildings/building-skyscraper-d.glb,Building Skyscraper D,commercial-buildings,Buildings & Places,cityStructure,keyword,15.705,solid (blocks movement),yes,5000,50.00,paid,no,no,no,"placed decoration only, not clickable"
/world/models/commercial-buildings/building-skyscraper-e.glb,Building Skyscraper E,commercial-buildings,Buildings & Places,cityStructure,keyword,15.705,solid (blocks movement),yes,5000,50.00,paid,no,no,no,"placed decoration only, not clickable"
/world/models/commercial-buildings/detail-awning-wide.glb,Detail Awning Wide,commercial-buildings,Buildings & Places,furniture,keyword,0.873,solid (blocks movement),yes,500,5.00,paid,no,no,no,"placed decoration only, not clickable"
/world/models/commercial-buildings/detail-awning.glb,Detail Awning,commercial-buildings,Buildings & Places,furniture,keyword,0.873,solid (blocks movement),yes,500,5.00,paid,no,no,no,"placed decoration only, not clickable"
/world/models/commercial-buildings/detail-overhang-wide.glb,Detail Overhang Wide,commercial-buildings,Buildings & Places,furniture,keyword,0.873,solid (blocks movement),yes,500,5.00,paid,no,no,no,"placed decoration only, not clickable"
/world/models/commercial-buildings/detail-overhang.glb,Detail Overhang,commercial-buildings,Buildings & Places,furniture,keyword,0.873,solid (blocks movement),yes,500,5.00,paid,no,no,no,"placed decoration only, not clickable"
/world/models/commercial-buildings/detail-parasol-a.glb,Detail Parasol A,commercial-buildings,Buildings & Places,furniture,keyword,0.873,solid (blocks movement),yes,500,5.00,paid,no,no,no,"placed decoration only, not clickable"
/world/models/commercial-buildings/detail-parasol-b.glb,Detail Parasol B,commercial-buildings,Buildings & Places,furniture,keyword,0.873,solid (blocks movement),yes,500,5.00,paid,no,no,no,"placed decoration only, not clickable"
/world/models/creatures/big-Alien.gltf,Big Alien,creatures,Nature & Animals,furniture,category-fallback,1.396,walkable (walk-through),yes,1250,12.50,paid,yes,yes,yes,"caretaking loop (feed/pet/play) — no animation clips exist in manifest today, real new production work"
/world/models/creatures/big-Birb.gltf,Big Birb,creatures,Nature & Animals,furniture,category-fallback,1.396,walkable (walk-through),yes,1250,12.50,paid,yes,yes,yes,"caretaking loop (feed/pet/play) — no animation clips exist in manifest today, real new production work"
/world/models/creatures/big-BlueDemon.gltf,Big Blue Demon,creatures,Nature & Animals,furniture,category-fallback,1.396,walkable (walk-through),yes,1250,12.50,paid,yes,yes,yes,"caretaking loop (feed/pet/play) — no animation clips exist in manifest today, real new production work"
/world/models/creatures/big-Bunny.gltf,Big Bunny,creatures,Nature & Animals,furniture,category-fallback,1.396,walkable (walk-through),yes,1250,12.50,paid,yes,yes,yes,"caretaking loop (feed/pet/play) — no animation clips exist in manifest today, real new production work"
/world/models/creatures/big-Cactoro.gltf,Big Cactoro,creatures,Nature & Animals,furniture,category-fallback,1.396,walkable (walk-through),yes,1250,12.50,paid,yes,yes,yes,"caretaking loop (feed/pet/play) — no animation clips exist in manifest today, real new production work"
/world/models/creatures/big-Demon.gltf,Big Demon,creatures,Nature & Animals,furniture,category-fallback,1.396,walkable (walk-through),yes,1250,12.50,paid,yes,yes,yes,"caretaking loop (feed/pet/play) — no animation clips exist in manifest today, real new production work"
/world/models/creatures/big-Dino.gltf,Big Dino,creatures,Nature & Animals,furniture,category-fallback,1.396,walkable (walk-through),yes,1250,12.50,paid,yes,yes,yes,"caretaking loop (feed/pet/play) — no animation clips exist in manifest today, real new production work"
/world/models/creatures/big-Fish.gltf,Big Fish,creatures,Nature & Animals,furniture,category-fallback,1.396,walkable (walk-through),yes,1250,12.50,paid,yes,yes,yes,"caretaking loop (feed/pet/play) — no animation clips exist in manifest today, real new production work"
/world/models/creatures/big-Frog.gltf,Big Frog,creatures,Nature & Animals,furniture,category-fallback,1.396,walkable (walk-through),yes,1250,12.50,paid,yes,yes,yes,"caretaking loop (feed/pet/play) — no animation clips exist in manifest today, real new production work"
/world/models/creatures/big-Monkroose.gltf,Big Monkroose,creatures,Nature & Animals,furniture,category-fallback,1.396,walkable (walk-through),yes,1250,12.50,paid,yes,yes,yes,"caretaking loop (feed/pet/play) — no animation clips exist in manifest today, real new production work"
/world/models/creatures/big-MushroomKing.gltf,Big Mushroom King,creatures,Nature & Animals,furniture,category-fallback,1.396,walkable (walk-through),yes,1250,12.50,paid,yes,yes,yes,"caretaking loop (feed/pet/play) — no animation clips exist in manifest today, real new production work"
/world/models/creatures/big-Ninja.gltf,Big Ninja,creatures,Nature & Animals,furniture,category-fallback,1.396,walkable (walk-through),yes,1250,12.50,paid,yes,yes,yes,"caretaking loop (feed/pet/play) — no animation clips exist in manifest today, real new production work"
/world/models/creatures/big-Orc.gltf,Big Orc,creatures,Nature & Animals,furniture,category-fallback,1.396,walkable (walk-through),yes,1250,12.50,paid,yes,yes,yes,"caretaking loop (feed/pet/play) — no animation clips exist in manifest today, real new production work"
/world/models/creatures/big-Orc_Skull.gltf,Big Orc Skull,creatures,Nature & Animals,furniture,category-fallback,1.396,walkable (walk-through),yes,1250,12.50,paid,yes,yes,yes,"caretaking loop (feed/pet/play) — no animation clips exist in manifest today, real new production work"
/world/models/creatures/big-Tribal.gltf,Big Tribal,creatures,Nature & Animals,furniture,category-fallback,1.396,walkable (walk-through),yes,1250,12.50,paid,yes,yes,yes,"caretaking loop (feed/pet/play) — no animation clips exist in manifest today, real new production work"
/world/models/creatures/big-Yeti.gltf,Big Yeti,creatures,Nature & Animals,furniture,category-fallback,1.396,walkable (walk-through),yes,1250,12.50,paid,yes,yes,yes,"caretaking loop (feed/pet/play) — no animation clips exist in manifest today, real new production work"
/world/models/creatures/bird-suzume-eat.glb,Bird Suzume Eat,creatures,Nature & Animals,furniture,category-fallback,1.396,walkable (walk-through),yes,1250,12.50,paid,yes,yes,yes,"caretaking loop (feed/pet/play) — no animation clips exist in manifest today, real new production work"
/world/models/creatures/bird-suzume-fly-in.glb,Bird Suzume Fly In,creatures,Nature & Animals,furniture,category-fallback,1.396,walkable (walk-through),yes,1250,12.50,paid,yes,yes,yes,"caretaking loop (feed/pet/play) — no animation clips exist in manifest today, real new production work"
/world/models/creatures/bird-suzume-fly-out.glb,Bird Suzume Fly Out,creatures,Nature & Animals,furniture,category-fallback,1.396,walkable (walk-through),yes,1250,12.50,paid,yes,yes,yes,"caretaking loop (feed/pet/play) — no animation clips exist in manifest today, real new production work"
/world/models/creatures/bird-suzume-fly.glb,Bird Suzume Fly,creatures,Nature & Animals,furniture,category-fallback,1.396,walkable (walk-through),yes,1250,12.50,paid,yes,yes,yes,"caretaking loop (feed/pet/play) — no animation clips exist in manifest today, real new production work"
/world/models/creatures/bird-suzume-idle-1.glb,Bird Suzume Idle 1,creatures,Nature & Animals,furniture,category-fallback,1.396,walkable (walk-through),yes,1250,12.50,paid,yes,yes,yes,"caretaking loop (feed/pet/play) — no animation clips exist in manifest today, real new production work"
/world/models/creatures/bird-suzume-idle-2.glb,Bird Suzume Idle 2,creatures,Nature & Animals,furniture,category-fallback,1.396,walkable (walk-through),yes,1250,12.50,paid,yes,yes,yes,"caretaking loop (feed/pet/play) — no animation clips exist in manifest today, real new production work"
/world/models/creatures/bird-suzume-walk.glb,Bird Suzume Walk,creatures,Nature & Animals,furniture,category-fallback,1.396,walkable (walk-through),yes,1250,12.50,paid,yes,yes,yes,"caretaking loop (feed/pet/play) — no animation clips exist in manifest today, real new production work"
/world/models/creatures/blob-alien.glb,Blob Alien,creatures,Nature & Animals,furniture,category-fallback,1.396,walkable (walk-through),yes,1250,12.50,paid,yes,yes,yes,"caretaking loop (feed/pet/play) — no animation clips exist in manifest today, real new production work"
/world/models/creatures/blob-birb.glb,Blob Birb,creatures,Nature & Animals,furniture,category-fallback,1.396,walkable (walk-through),yes,1250,12.50,paid,yes,yes,yes,"caretaking loop (feed/pet/play) — no animation clips exist in manifest today, real new production work"
/world/models/creatures/blob-cactoro.glb,Blob Cactoro,creatures,Nature & Animals,furniture,category-fallback,1.396,walkable (walk-through),yes,1250,12.50,paid,yes,yes,yes,"caretaking loop (feed/pet/play) — no animation clips exist in manifest today, real new production work"
/world/models/creatures/blob-cat.glb,Blob Cat,creatures,Nature & Animals,furniture,category-fallback,1.396,walkable (walk-through),yes,1250,12.50,paid,yes,yes,yes,"caretaking loop (feed/pet/play) — no animation clips exist in manifest today, real new production work"
/world/models/creatures/blob-chicken.glb,Blob Chicken,creatures,Nature & Animals,furniture,category-fallback,1.396,walkable (walk-through),yes,1250,12.50,paid,yes,yes,yes,"caretaking loop (feed/pet/play) — no animation clips exist in manifest today, real new production work"
/world/models/creatures/blob-dog.glb,Blob Dog,creatures,Nature & Animals,furniture,category-fallback,1.396,walkable (walk-through),yes,1250,12.50,paid,yes,yes,yes,"caretaking loop (feed/pet/play) — no animation clips exist in manifest today, real new production work"
/world/models/creatures/blob-fish.glb,Blob Fish,creatures,Nature & Animals,furniture,category-fallback,1.396,walkable (walk-through),yes,1250,12.50,paid,yes,yes,yes,"caretaking loop (feed/pet/play) — no animation clips exist in manifest today, real new production work"
/world/models/creatures/blob-green-blob.glb,Blob Green Blob,creatures,Nature & Animals,furniture,category-fallback,1.396,walkable (walk-through),yes,1250,12.50,paid,yes,yes,yes,"caretaking loop (feed/pet/play) — no animation clips exist in manifest today, real new production work"
/world/models/creatures/blob-green-spiky-blob.glb,Blob Green Spiky Blob,creatures,Nature & Animals,furniture,category-fallback,1.396,walkable (walk-through),yes,1250,12.50,paid,yes,yes,yes,"caretaking loop (feed/pet/play) — no animation clips exist in manifest today, real new production work"
/world/models/creatures/blob-mushnub-evolved.glb,Blob Mushnub Evolved,creatures,Nature & Animals,furniture,category-fallback,1.396,walkable (walk-through),yes,1250,12.50,paid,yes,yes,yes,"caretaking loop (feed/pet/play) — no animation clips exist in manifest today, real new production work"
/world/models/creatures/blob-mushnub.glb,Blob Mushnub,creatures,Nature & Animals,furniture,category-fallback,1.396,walkable (walk-through),yes,1250,12.50,paid,yes,yes,yes,"caretaking loop (feed/pet/play) — no animation clips exist in manifest today, real new production work"
/world/models/creatures/blob-ninja.glb,Blob Ninja,creatures,Nature & Animals,furniture,category-fallback,1.396,walkable (walk-through),yes,1250,12.50,paid,yes,yes,yes,"caretaking loop (feed/pet/play) — no animation clips exist in manifest today, real new production work"
/world/models/creatures/blob-orc.glb,Blob Orc,creatures,Nature & Animals,furniture,category-fallback,1.396,walkable (walk-through),yes,1250,12.50,paid,yes,yes,yes,"caretaking loop (feed/pet/play) — no animation clips exist in manifest today, real new production work"
/world/models/creatures/blob-pigeon.glb,Blob Pigeon,creatures,Nature & Animals,furniture,category-fallback,1.396,walkable (walk-through),yes,1250,12.50,paid,yes,yes,yes,"caretaking loop (feed/pet/play) — no animation clips exist in manifest today, real new production work"
/world/models/creatures/blob-pink-blob.glb,Blob Pink Blob,creatures,Nature & Animals,furniture,category-fallback,1.396,walkable (walk-through),yes,1250,12.50,paid,yes,yes,yes,"caretaking loop (feed/pet/play) — no animation clips exist in manifest today, real new production work"
/world/models/creatures/blob-wizard.glb,Blob Wizard,creatures,Nature & Animals,furniture,category-fallback,1.396,walkable (walk-through),yes,1250,12.50,paid,yes,yes,yes,"caretaking loop (feed/pet/play) — no animation clips exist in manifest today, real new production work"
/world/models/creatures/blob-yeti.glb,Blob Yeti,creatures,Nature & Animals,furniture,category-fallback,1.396,walkable (walk-through),yes,1250,12.50,paid,yes,yes,yes,"caretaking loop (feed/pet/play) — no animation clips exist in manifest today, real new production work"
/world/models/creatures/flying-Alpaking.gltf,Flying Alpaking,creatures,Nature & Animals,furniture,category-fallback,1.396,walkable (walk-through),yes,1250,12.50,paid,yes,yes,yes,"caretaking loop (feed/pet/play) — no animation clips exist in manifest today, real new production work"
/world/models/creatures/flying-Alpaking_Evolved.gltf,Flying Alpaking Evolved,creatures,Nature & Animals,furniture,category-fallback,1.396,walkable (walk-through),yes,1250,12.50,paid,yes,yes,yes,"caretaking loop (feed/pet/play) — no animation clips exist in manifest today, real new production work"
/world/models/creatures/flying-Armabee.gltf,Flying Armabee,creatures,Nature & Animals,furniture,category-fallback,1.396,walkable (walk-through),yes,1250,12.50,paid,yes,yes,yes,"caretaking loop (feed/pet/play) — no animation clips exist in manifest today, real new production work"
/world/models/creatures/flying-Armabee_Evolved.gltf,Flying Armabee Evolved,creatures,Nature & Animals,furniture,category-fallback,1.396,walkable (walk-through),yes,1250,12.50,paid,yes,yes,yes,"caretaking loop (feed/pet/play) — no animation clips exist in manifest today, real new production work"
/world/models/creatures/flying-Demon.gltf,Flying Demon,creatures,Nature & Animals,furniture,category-fallback,1.396,walkable (walk-through),yes,1250,12.50,paid,yes,yes,yes,"caretaking loop (feed/pet/play) — no animation clips exist in manifest today, real new production work"
/world/models/creatures/flying-Dragon.gltf,Flying Dragon,creatures,Nature & Animals,furniture,category-fallback,1.396,walkable (walk-through),yes,1250,12.50,paid,yes,yes,yes,"caretaking loop (feed/pet/play) — no animation clips exist in manifest today, real new production work"
/world/models/creatures/flying-Dragon_Evolved.gltf,Flying Dragon Evolved,creatures,Nature & Animals,furniture,category-fallback,1.396,walkable (walk-through),yes,1250,12.50,paid,yes,yes,yes,"caretaking loop (feed/pet/play) — no animation clips exist in manifest today, real new production work"
/world/models/creatures/flying-Ghost.gltf,Flying Ghost,creatures,Nature & Animals,furniture,category-fallback,1.396,walkable (walk-through),yes,1250,12.50,paid,yes,yes,yes,"caretaking loop (feed/pet/play) — no animation clips exist in manifest today, real new production work"
/world/models/creatures/flying-Ghost_Skull.gltf,Flying Ghost Skull,creatures,Nature & Animals,furniture,category-fallback,1.396,walkable (walk-through),yes,1250,12.50,paid,yes,yes,yes,"caretaking loop (feed/pet/play) — no animation clips exist in manifest today, real new production work"
/world/models/creatures/flying-Glub.gltf,Flying Glub,creatures,Nature & Animals,furniture,category-fallback,1.396,walkable (walk-through),yes,1250,12.50,paid,yes,yes,yes,"caretaking loop (feed/pet/play) — no animation clips exist in manifest today, real new production work"
/world/models/creatures/flying-Glub_Evolved.gltf,Flying Glub Evolved,creatures,Nature & Animals,furniture,category-fallback,1.396,walkable (walk-through),yes,1250,12.50,paid,yes,yes,yes,"caretaking loop (feed/pet/play) — no animation clips exist in manifest today, real new production work"
/world/models/creatures/flying-Goleling.gltf,Flying Goleling,creatures,Nature & Animals,furniture,category-fallback,1.396,walkable (walk-through),yes,1250,12.50,paid,yes,yes,yes,"caretaking loop (feed/pet/play) — no animation clips exist in manifest today, real new production work"
/world/models/creatures/flying-Goleling_Evolved.gltf,Flying Goleling Evolved,creatures,Nature & Animals,furniture,category-fallback,1.396,walkable (walk-through),yes,1250,12.50,paid,yes,yes,yes,"caretaking loop (feed/pet/play) — no animation clips exist in manifest today, real new production work"
/world/models/creatures/flying-Hywirl.gltf,Flying Hywirl,creatures,Nature & Animals,furniture,category-fallback,1.396,walkable (walk-through),yes,1250,12.50,paid,yes,yes,yes,"caretaking loop (feed/pet/play) — no animation clips exist in manifest today, real new production work"
/world/models/creatures/flying-Pigeon.gltf,Flying Pigeon,creatures,Nature & Animals,furniture,category-fallback,1.396,walkable (walk-through),yes,1250,12.50,paid,yes,yes,yes,"caretaking loop (feed/pet/play) — no animation clips exist in manifest today, real new production work"
/world/models/creatures/flying-Squidle.gltf,Flying Squidle,creatures,Nature & Animals,furniture,category-fallback,1.396,walkable (walk-through),yes,1250,12.50,paid,yes,yes,yes,"caretaking loop (feed/pet/play) — no animation clips exist in manifest today, real new production work"
/world/models/creatures/flying-Tribal.gltf,Flying Tribal,creatures,Nature & Animals,furniture,category-fallback,1.396,walkable (walk-through),yes,1250,12.50,paid,yes,yes,yes,"caretaking loop (feed/pet/play) — no animation clips exist in manifest today, real new production work"
/world/models/fantasy/Alchemy_Bench_A.glb,Alchemy Bench A,fantasy,Seasonal & Themed,furniture,keyword,0.873,walkable (walk-through),yes,625,6.25,paid,no,no,no,"placed decoration only, not clickable"
/world/models/fantasy/Arched_Door_A.glb,Arched Door A,fantasy,Seasonal & Themed,tallFurniture,keyword,1.745,walkable (walk-through),yes,750,7.50,paid,no,no,no,"placed decoration only, not clickable"
/world/models/fantasy/Armillary_Sphere.glb,Armillary Sphere,fantasy,Seasonal & Themed,furniture,keyword,0.873,walkable (walk-through),yes,625,6.25,paid,no,no,no,"placed decoration only, not clickable"
/world/models/fantasy/Armor_Stand_A.glb,Armor Stand A,fantasy,Seasonal & Themed,furniture,keyword,0.873,walkable (walk-through),yes,625,6.25,paid,no,no,no,"placed decoration only, not clickable"
/world/models/fantasy/Barrel_A.glb,Barrel A,fantasy,Seasonal & Themed,furniture,keyword,0.873,walkable (walk-through),yes,625,6.25,paid,no,no,no,"placed decoration only, not clickable"
/world/models/fantasy/Bell_Casting_Mold.glb,Bell Casting Mold,fantasy,Seasonal & Themed,furniture,keyword,0.873,walkable (walk-through),yes,625,6.25,paid,no,no,no,"placed decoration only, not clickable"
/world/models/fantasy/Bookcase_A.glb,Bookcase A,fantasy,Seasonal & Themed,tallFurniture,keyword,1.745,walkable (walk-through),yes,750,7.50,paid,no,no,no,"placed decoration only, not clickable"
/world/models/fantasy/Brazier_A.glb,Brazier A,fantasy,Seasonal & Themed,personScale,category-fallback,5.235,walkable (walk-through),yes,1000,10.00,paid,no,no,no,"placed decoration only, not clickable"
/world/models/fantasy/Cauldron_A.glb,Cauldron A,fantasy,Seasonal & Themed,furniture,keyword,0.873,walkable (walk-through),yes,625,6.25,paid,no,no,no,"placed decoration only, not clickable"
/world/models/fantasy/Crystal_Cluster_A.glb,Crystal Cluster A,fantasy,Seasonal & Themed,smallObject,keyword,0.436,walkable (walk-through),yes,188,1.88,paid,no,yes,no,static click-to-collect
/world/models/farm/Apple_Sorter.glb,Apple Sorter,farm,Nature & Animals,personScale,category-fallback,5.235,walkable (walk-through),yes,800,8.00,paid,yes,no,no,"placed decoration only, not clickable"
/world/models/farm/Apple_Tree_A.glb,Apple Tree A,farm,Nature & Animals,personScale,category-fallback,5.235,walkable (walk-through),yes,800,8.00,paid,yes,no,no,"placed decoration only, not clickable"
/world/models/farm/Bat_Box.glb,Bat Box,farm,Nature & Animals,smallObject,keyword,0.436,walkable (walk-through),yes,150,1.50,paid,yes,yes,no,static click-to-collect
/world/models/farm/Birdbath_A.glb,Birdbath A,farm,Nature & Animals,smallObject,keyword,0.436,walkable (walk-through),yes,150,1.50,paid,yes,yes,no,static click-to-collect
/world/models/farm/Brick_Edge_A.glb,Brick Edge A,farm,Nature & Animals,personScale,category-fallback,5.235,walkable (walk-through),yes,800,8.00,paid,yes,no,no,"placed decoration only, not clickable"
/world/models/farm/Cabbage_Patch_A.glb,Cabbage Patch A,farm,Nature & Animals,personScale,category-fallback,5.235,walkable (walk-through),yes,800,8.00,paid,yes,no,no,"placed decoration only, not clickable"
/world/models/farm/Chicken_Coop_A.glb,Chicken Coop A,farm,Nature & Animals,smallStructure,keyword,5.235,solid (blocks movement),yes,2000,20.00,paid,yes,no,no,"placed decoration only, not clickable"
/world/models/farm/Cold_Frame_A.glb,Cold Frame A,farm,Nature & Animals,smallStructure,keyword,5.235,solid (blocks movement),yes,2000,20.00,paid,yes,no,no,"placed decoration only, not clickable"
/world/models/farm/Crops.glb,Crops,farm,Nature & Animals,personScale,category-fallback,5.235,walkable (walk-through),yes,800,8.00,paid,yes,no,no,"placed decoration only, not clickable"
/world/models/farm/Egg_Basket.glb,Egg Basket,farm,Nature & Animals,tiny,keyword,0.218,walkable (walk-through),yes,50,0.50,paid,yes,yes,no,static click-to-collect
/world/models/farm/Feed_Sack_A.glb,Feed Sack A,farm,Nature & Animals,smallObject,keyword,0.436,walkable (walk-through),yes,150,1.50,paid,yes,yes,no,static click-to-collect
/world/models/farm/Garden_Bench_A.glb,Garden Bench A,farm,Nature & Animals,furniture,keyword,0.873,walkable (walk-through),yes,500,5.00,paid,yes,no,no,"placed decoration only, not clickable"
/world/models/farm/Garden_Fork_A.glb,Garden Fork A,farm,Nature & Animals,tiny,keyword,0.218,walkable (walk-through),yes,50,0.50,paid,yes,yes,no,static click-to-collect
/world/models/farm/barn.glb,Barn,farm,Nature & Animals,largeStructure,keyword,7.853,solid (blocks movement),yes,3500,35.00,paid,yes,no,no,"placed decoration only, not clickable"
/world/models/farm/big-barn.glb,Big Barn,farm,Nature & Animals,largeStructure,keyword,7.853,solid (blocks movement),yes,3500,35.00,paid,yes,no,no,"placed decoration only, not clickable"
/world/models/farm/chicken-coop.glb,Chicken Coop,farm,Nature & Animals,smallStructure,keyword,5.235,solid (blocks movement),yes,2000,20.00,paid,yes,no,no,"placed decoration only, not clickable"
/world/models/farm/fence.glb,Fence,farm,Nature & Animals,personScale,keyword,1.745,walkable (walk-through),yes,800,8.00,paid,yes,no,no,"placed decoration only, not clickable"
/world/models/farm/fence2.glb,Fence2,farm,Nature & Animals,personScale,keyword,1.745,walkable (walk-through),yes,800,8.00,paid,yes,no,no,"placed decoration only, not clickable"
/world/models/farm/open-barn.glb,Open Barn,farm,Nature & Animals,largeStructure,keyword,7.853,solid (blocks movement),yes,3500,35.00,paid,yes,no,no,"placed decoration only, not clickable"
/world/models/farm/silo-house.glb,Silo House,farm,Nature & Animals,largeStructure,keyword,7.853,solid (blocks movement),yes,3500,35.00,paid,yes,no,no,"placed decoration only, not clickable"
/world/models/farm/silo.glb,Silo,farm,Nature & Animals,personScale,category-fallback,5.235,walkable (walk-through),yes,800,8.00,paid,yes,no,no,"placed decoration only, not clickable"
/world/models/farm/small-barn.glb,Small Barn,farm,Nature & Animals,largeStructure,keyword,7.853,solid (blocks movement),yes,3500,35.00,paid,yes,no,no,"placed decoration only, not clickable"
/world/models/farm/tower-windmill.glb,Tower Windmill,farm,Nature & Animals,personScale,category-fallback,5.235,walkable (walk-through),yes,800,8.00,paid,yes,no,no,"placed decoration only, not clickable"
/world/models/farm/water-tower.glb,Water Tower,farm,Nature & Animals,personScale,category-fallback,5.235,walkable (walk-through),yes,800,8.00,paid,yes,no,no,"placed decoration only, not clickable"
/world/models/farm/watermill.glb,Watermill,farm,Nature & Animals,personScale,category-fallback,5.235,walkable (walk-through),yes,800,8.00,paid,yes,no,no,"placed decoration only, not clickable"
/world/models/farm/well.glb,Well,farm,Nature & Animals,personScale,category-fallback,5.235,walkable (walk-through),yes,800,8.00,paid,yes,no,no,"placed decoration only, not clickable"
/world/models/farm/windmill.glb,Windmill,farm,Nature & Animals,personScale,category-fallback,5.235,walkable (walk-through),yes,800,8.00,paid,yes,no,no,"placed decoration only, not clickable"
/world/models/food/FoodIngredient_Avocado.gltf,Food Ingredient Avocado,food,Nature & Animals,tiny,keyword,0.218,walkable (walk-through),yes,50,0.50,paid,no,yes,no,"static click-to-collect, same pattern as joke-card pickup"
/world/models/food/FoodIngredient_Crabsticks.gltf,Food Ingredient Crabsticks,food,Nature & Animals,tiny,category-fallback,0.262,walkable (walk-through),yes,50,0.50,paid,no,yes,no,"static click-to-collect, same pattern as joke-card pickup"
/world/models/food/FoodIngredient_Cucumber.gltf,Food Ingredient Cucumber,food,Nature & Animals,tiny,keyword,0.218,walkable (walk-through),yes,50,0.50,paid,no,yes,no,"static click-to-collect, same pattern as joke-card pickup"
/world/models/food/FoodIngredient_Ebi.gltf,Food Ingredient Ebi,food,Nature & Animals,tiny,category-fallback,0.262,walkable (walk-through),yes,50,0.50,paid,no,yes,no,"static click-to-collect, same pattern as joke-card pickup"
/world/models/food/FoodIngredient_Eel.gltf,Food Ingredient Eel,food,Nature & Animals,tiny,category-fallback,0.262,walkable (walk-through),yes,50,0.50,paid,no,yes,no,"static click-to-collect, same pattern as joke-card pickup"
/world/models/food/FoodIngredient_Fish.gltf,Food Ingredient Fish,food,Nature & Animals,tiny,category-fallback,0.262,walkable (walk-through),yes,50,0.50,paid,no,yes,no,"static click-to-collect, same pattern as joke-card pickup"
/world/models/food/FoodIngredient_FishFillet.gltf,Food Ingredient Fish Fillet,food,Nature & Animals,tiny,category-fallback,0.262,walkable (walk-through),yes,50,0.50,paid,no,yes,no,"static click-to-collect, same pattern as joke-card pickup"
/world/models/food/FoodIngredient_Flounder.gltf,Food Ingredient Flounder,food,Nature & Animals,tiny,category-fallback,0.262,walkable (walk-through),yes,50,0.50,paid,no,yes,no,"static click-to-collect, same pattern as joke-card pickup"
/world/models/food/FoodIngredient_Mackerel.gltf,Food Ingredient Mackerel,food,Nature & Animals,tiny,category-fallback,0.262,walkable (walk-through),yes,50,0.50,paid,no,yes,no,"static click-to-collect, same pattern as joke-card pickup"
/world/models/food/FoodIngredient_Nori.gltf,Food Ingredient Nori,food,Nature & Animals,tiny,category-fallback,0.262,walkable (walk-through),yes,50,0.50,paid,no,yes,no,"static click-to-collect, same pattern as joke-card pickup"
/world/models/food/FoodIngredient_Octopus.gltf,Food Ingredient Octopus,food,Nature & Animals,tiny,category-fallback,0.262,walkable (walk-through),yes,50,0.50,paid,no,yes,no,"static click-to-collect, same pattern as joke-card pickup"
/world/models/food/FoodIngredient_Rice.gltf,Food Ingredient Rice,food,Nature & Animals,tiny,category-fallback,0.262,walkable (walk-through),yes,50,0.50,paid,no,yes,no,"static click-to-collect, same pattern as joke-card pickup"
/world/models/food/FoodIngredient_Salmon.gltf,Food Ingredient Salmon,food,Nature & Animals,tiny,category-fallback,0.262,walkable (walk-through),yes,50,0.50,paid,no,yes,no,"static click-to-collect, same pattern as joke-card pickup"
/world/models/food/FoodIngredient_SalmonFish.gltf,Food Ingredient Salmon Fish,food,Nature & Animals,tiny,category-fallback,0.262,walkable (walk-through),yes,50,0.50,paid,no,yes,no,"static click-to-collect, same pattern as joke-card pickup"
/world/models/food/FoodIngredient_SeaUrchin.gltf,Food Ingredient Sea Urchin,food,Nature & Animals,tiny,category-fallback,0.262,walkable (walk-through),yes,50,0.50,paid,no,yes,no,"static click-to-collect, same pattern as joke-card pickup"
/world/models/food/FoodIngredient_SeaUrchinOpen.gltf,Food Ingredient Sea Urchin Open,food,Nature & Animals,tiny,category-fallback,0.262,walkable (walk-through),yes,50,0.50,paid,no,yes,no,"static click-to-collect, same pattern as joke-card pickup"
/world/models/food/FoodIngredient_Shimesaba.gltf,Food Ingredient Shimesaba,food,Nature & Animals,tiny,category-fallback,0.262,walkable (walk-through),yes,50,0.50,paid,no,yes,no,"static click-to-collect, same pattern as joke-card pickup"
/world/models/food/FoodIngredient_SlicedCucumber.gltf,Food Ingredient Sliced Cucumber,food,Nature & Animals,tiny,keyword,0.218,walkable (walk-through),yes,50,0.50,paid,no,yes,no,"static click-to-collect, same pattern as joke-card pickup"
/world/models/food/FoodIngredient_Squid.gltf,Food Ingredient Squid,food,Nature & Animals,tiny,category-fallback,0.262,walkable (walk-through),yes,50,0.50,paid,no,yes,no,"static click-to-collect, same pattern as joke-card pickup"
/world/models/food/FoodIngredient_Tentacle.gltf,Food Ingredient Tentacle,food,Nature & Animals,tiny,category-fallback,0.262,walkable (walk-through),yes,50,0.50,paid,no,yes,no,"static click-to-collect, same pattern as joke-card pickup"
/world/models/food/FoodIngredient_Tuna.gltf,Food Ingredient Tuna,food,Nature & Animals,tiny,category-fallback,0.262,walkable (walk-through),yes,50,0.50,paid,no,yes,no,"static click-to-collect, same pattern as joke-card pickup"
/world/models/food/Food_Chukaman.gltf,Food Chukaman,food,Nature & Animals,tiny,category-fallback,0.262,walkable (walk-through),yes,50,0.50,paid,no,yes,no,"static click-to-collect, same pattern as joke-card pickup"
/world/models/food/Food_Dango.gltf,Food Dango,food,Nature & Animals,tiny,category-fallback,0.262,walkable (walk-through),yes,50,0.50,paid,no,yes,no,"static click-to-collect, same pattern as joke-card pickup"
/world/models/food/Food_EbiNigiri.gltf,Food Ebi Nigiri,food,Nature & Animals,tiny,category-fallback,0.262,walkable (walk-through),yes,50,0.50,paid,no,yes,no,"static click-to-collect, same pattern as joke-card pickup"
/world/models/food/Food_Gyoza.gltf,Food Gyoza,food,Nature & Animals,tiny,category-fallback,0.262,walkable (walk-through),yes,50,0.50,paid,no,yes,no,"static click-to-collect, same pattern as joke-card pickup"
/world/models/food/Food_MaguroNigiri.gltf,Food Maguro Nigiri,food,Nature & Animals,tiny,category-fallback,0.262,walkable (walk-through),yes,50,0.50,paid,no,yes,no,"static click-to-collect, same pattern as joke-card pickup"
/world/models/food/Food_OctopusNigiri.gltf,Food Octopus Nigiri,food,Nature & Animals,tiny,category-fallback,0.262,walkable (walk-through),yes,50,0.50,paid,no,yes,no,"static click-to-collect, same pattern as joke-card pickup"
/world/models/food/Food_Onigiri.gltf,Food Onigiri,food,Nature & Animals,tiny,category-fallback,0.262,walkable (walk-through),yes,50,0.50,paid,no,yes,no,"static click-to-collect, same pattern as joke-card pickup"
/world/models/food/Food_Ramen.gltf,Food Ramen,food,Nature & Animals,tiny,category-fallback,0.262,walkable (walk-through),yes,50,0.50,paid,no,yes,no,"static click-to-collect, same pattern as joke-card pickup"
/world/models/food/Food_Roll.gltf,Food Roll,food,Nature & Animals,tiny,category-fallback,0.262,walkable (walk-through),yes,50,0.50,paid,no,yes,no,"static click-to-collect, same pattern as joke-card pickup"
/world/models/food/Food_SalmonNigiri.gltf,Food Salmon Nigiri,food,Nature & Animals,tiny,category-fallback,0.262,walkable (walk-through),yes,50,0.50,paid,no,yes,no,"static click-to-collect, same pattern as joke-card pickup"
/world/models/food/Food_SalmonRoll.gltf,Food Salmon Roll,food,Nature & Animals,tiny,category-fallback,0.262,walkable (walk-through),yes,50,0.50,paid,no,yes,no,"static click-to-collect, same pattern as joke-card pickup"
/world/models/food/Food_SeaUrchinRoll.gltf,Food Sea Urchin Roll,food,Nature & Animals,tiny,category-fallback,0.262,walkable (walk-through),yes,50,0.50,paid,no,yes,no,"static click-to-collect, same pattern as joke-card pickup"
/world/models/food/Food_TamagoNigiri.gltf,Food Tamago Nigiri,food,Nature & Animals,tiny,category-fallback,0.262,walkable (walk-through),yes,50,0.50,paid,no,yes,no,"static click-to-collect, same pattern as joke-card pickup"
/world/models/food/Food_Udon.gltf,Food Udon,food,Nature & Animals,tiny,category-fallback,0.262,walkable (walk-through),yes,50,0.50,paid,no,yes,no,"static click-to-collect, same pattern as joke-card pickup"
/world/models/food/Food_Wasabi.gltf,Food Wasabi,food,Nature & Animals,tiny,category-fallback,0.262,walkable (walk-through),yes,50,0.50,paid,no,yes,no,"static click-to-collect, same pattern as joke-card pickup"
/world/models/forest/rocks.glb,Rocks,forest,Nature & Animals,largeStructure,category-fallback,9.598,solid (blocks movement),yes,3500,35.00,paid,no,no,no,"placed decoration only, not clickable"
/world/models/forest/tree.glb,Tree,forest,Nature & Animals,largeStructure,category-fallback,9.598,solid (blocks movement),yes,3500,35.00,paid,no,no,no,"placed decoration only, not clickable"
/world/models/fox.glb,Fox,misc,Props & Tools,furniture,category-fallback,1.396,solid (blocks movement),yes,500,5.00,paid,no,no,no,"placed decoration only, not clickable"
/world/models/halloween/arch.gltf,Arch,halloween,Seasonal & Themed,personScale,category-fallback,2.269,walkable (walk-through),yes,1000,10.00,paid,no,no,no,"placed decoration only, not clickable"
/world/models/halloween/arch_gate.gltf,Arch Gate,halloween,Seasonal & Themed,personScale,category-fallback,2.269,walkable (walk-through),yes,1000,10.00,paid,no,no,no,"placed decoration only, not clickable"
/world/models/halloween/bench.gltf,Bench,halloween,Seasonal & Themed,furniture,keyword,0.873,walkable (walk-through),yes,625,6.25,paid,no,no,no,"placed decoration only, not clickable"
/world/models/halloween/bench_decorated.gltf,Bench Decorated,halloween,Seasonal & Themed,furniture,keyword,0.873,walkable (walk-through),yes,625,6.25,paid,no,no,no,"placed decoration only, not clickable"
/world/models/halloween/bone_A.gltf,Bone A,halloween,Seasonal & Themed,personScale,category-fallback,2.269,walkable (walk-through),yes,1000,10.00,paid,no,no,no,"placed decoration only, not clickable"
/world/models/halloween/bone_B.gltf,Bone B,halloween,Seasonal & Themed,personScale,category-fallback,2.269,walkable (walk-through),yes,1000,10.00,paid,no,no,no,"placed decoration only, not clickable"
/world/models/halloween/bone_C.gltf,Bone C,halloween,Seasonal & Themed,personScale,category-fallback,2.269,walkable (walk-through),yes,1000,10.00,paid,no,no,no,"placed decoration only, not clickable"
/world/models/halloween/candle.gltf,Candle,halloween,Seasonal & Themed,personScale,category-fallback,2.269,walkable (walk-through),yes,1000,10.00,paid,no,no,no,"placed decoration only, not clickable"
/world/models/halloween/candle_melted.gltf,Candle Melted,halloween,Seasonal & Themed,personScale,category-fallback,2.269,walkable (walk-through),yes,1000,10.00,paid,no,no,no,"placed decoration only, not clickable"
/world/models/halloween/candle_thin.gltf,Candle Thin,halloween,Seasonal & Themed,personScale,category-fallback,2.269,walkable (walk-through),yes,1000,10.00,paid,no,no,no,"placed decoration only, not clickable"
/world/models/halloween/candle_triple.gltf,Candle Triple,halloween,Seasonal & Themed,personScale,category-fallback,2.269,walkable (walk-through),yes,1000,10.00,paid,no,no,no,"placed decoration only, not clickable"
/world/models/halloween/coffin.gltf,Coffin,halloween,Seasonal & Themed,personScale,category-fallback,2.269,walkable (walk-through),yes,1000,10.00,paid,no,no,no,"placed decoration only, not clickable"
/world/models/halloween/coffin_decorated.gltf,Coffin Decorated,halloween,Seasonal & Themed,personScale,category-fallback,2.269,walkable (walk-through),yes,1000,10.00,paid,no,no,no,"placed decoration only, not clickable"
/world/models/halloween/crypt.gltf,Crypt,halloween,Seasonal & Themed,personScale,category-fallback,2.269,walkable (walk-through),yes,1000,10.00,paid,no,no,no,"placed decoration only, not clickable"
/world/models/halloween/fence.gltf,Fence,halloween,Seasonal & Themed,personScale,keyword,1.745,walkable (walk-through),yes,1000,10.00,paid,no,no,no,"placed decoration only, not clickable"
/world/models/halloween/fence_broken.gltf,Fence Broken,halloween,Seasonal & Themed,personScale,keyword,1.745,walkable (walk-through),yes,1000,10.00,paid,no,no,no,"placed decoration only, not clickable"
/world/models/halloween/fence_gate.gltf,Fence Gate,halloween,Seasonal & Themed,personScale,keyword,1.745,walkable (walk-through),yes,1000,10.00,paid,no,no,no,"placed decoration only, not clickable"
/world/models/halloween/fence_pillar.gltf,Fence Pillar,halloween,Seasonal & Themed,personScale,keyword,1.745,walkable (walk-through),yes,1000,10.00,paid,no,no,no,"placed decoration only, not clickable"
/world/models/halloween/fence_pillar_broken.gltf,Fence Pillar Broken,halloween,Seasonal & Themed,personScale,keyword,1.745,walkable (walk-through),yes,1000,10.00,paid,no,no,no,"placed decoration only, not clickable"
/world/models/halloween/fence_seperate.gltf,Fence Seperate,halloween,Seasonal & Themed,personScale,keyword,1.745,walkable (walk-through),yes,1000,10.00,paid,no,no,no,"placed decoration only, not clickable"
/world/models/halloween/fence_seperate_broken.gltf,Fence Seperate Broken,halloween,Seasonal & Themed,personScale,keyword,1.745,walkable (walk-through),yes,1000,10.00,paid,no,no,no,"placed decoration only, not clickable"
/world/models/halloween/floor_dirt.gltf,Floor Dirt,halloween,Seasonal & Themed,furniture,keyword,0.873,walkable (walk-through),yes,625,6.25,paid,no,no,no,"placed decoration only, not clickable"
/world/models/halloween/floor_dirt_grave.gltf,Floor Dirt Grave,halloween,Seasonal & Themed,furniture,keyword,0.873,walkable (walk-through),yes,625,6.25,paid,no,no,no,"placed decoration only, not clickable"
/world/models/halloween/floor_dirt_small.gltf,Floor Dirt Small,halloween,Seasonal & Themed,furniture,keyword,0.873,walkable (walk-through),yes,625,6.25,paid,no,no,no,"placed decoration only, not clickable"
/world/models/halloween/grave_A.gltf,Grave A,halloween,Seasonal & Themed,personScale,category-fallback,2.269,walkable (walk-through),yes,1000,10.00,paid,no,no,no,"placed decoration only, not clickable"
/world/models/halloween/grave_A_destroyed.gltf,Grave A Destroyed,halloween,Seasonal & Themed,personScale,category-fallback,2.269,walkable (walk-through),yes,1000,10.00,paid,no,no,no,"placed decoration only, not clickable"
/world/models/halloween/grave_B.gltf,Grave B,halloween,Seasonal & Themed,personScale,category-fallback,2.269,walkable (walk-through),yes,1000,10.00,paid,no,no,no,"placed decoration only, not clickable"
/world/models/halloween/gravemarker_A.gltf,Gravemarker A,halloween,Seasonal & Themed,personScale,category-fallback,2.269,walkable (walk-through),yes,1000,10.00,paid,no,no,no,"placed decoration only, not clickable"
/world/models/halloween/gravemarker_B.gltf,Gravemarker B,halloween,Seasonal & Themed,personScale,category-fallback,2.269,walkable (walk-through),yes,1000,10.00,paid,no,no,no,"placed decoration only, not clickable"
/world/models/halloween/gravestone.gltf,Gravestone,halloween,Seasonal & Themed,personScale,category-fallback,2.269,walkable (walk-through),yes,1000,10.00,paid,no,no,no,"placed decoration only, not clickable"
/world/models/halloween/lantern_hanging.gltf,Lantern Hanging,halloween,Seasonal & Themed,personScale,category-fallback,2.269,walkable (walk-through),yes,1000,10.00,paid,no,no,no,"placed decoration only, not clickable"
/world/models/halloween/lantern_standing.gltf,Lantern Standing,halloween,Seasonal & Themed,furniture,keyword,0.873,walkable (walk-through),yes,625,6.25,paid,no,no,no,"placed decoration only, not clickable"
/world/models/halloween/path_A.gltf,Path A,halloween,Seasonal & Themed,personScale,category-fallback,2.269,walkable (walk-through),yes,1000,10.00,paid,no,no,no,"placed decoration only, not clickable"
/world/models/halloween/path_B.gltf,Path B,halloween,Seasonal & Themed,personScale,category-fallback,2.269,walkable (walk-through),yes,1000,10.00,paid,no,no,no,"placed decoration only, not clickable"
/world/models/halloween/path_C.gltf,Path C,halloween,Seasonal & Themed,personScale,category-fallback,2.269,walkable (walk-through),yes,1000,10.00,paid,no,no,no,"placed decoration only, not clickable"
/world/models/halloween/path_D.gltf,Path D,halloween,Seasonal & Themed,personScale,category-fallback,2.269,walkable (walk-through),yes,1000,10.00,paid,no,no,no,"placed decoration only, not clickable"
/world/models/halloween/pillar.gltf,Pillar,halloween,Seasonal & Themed,personScale,keyword,1.745,walkable (walk-through),yes,1000,10.00,paid,no,no,no,"placed decoration only, not clickable"
/world/models/halloween/plaque.gltf,Plaque,halloween,Seasonal & Themed,personScale,category-fallback,2.269,walkable (walk-through),yes,1000,10.00,paid,no,no,no,"placed decoration only, not clickable"
/world/models/halloween/plaque_candles.gltf,Plaque Candles,halloween,Seasonal & Themed,personScale,category-fallback,2.269,walkable (walk-through),yes,1000,10.00,paid,no,no,no,"placed decoration only, not clickable"
/world/models/halloween/post.gltf,Post,halloween,Seasonal & Themed,personScale,keyword,1.745,walkable (walk-through),yes,1000,10.00,paid,no,no,no,"placed decoration only, not clickable"
/world/models/halloween/post_lantern.gltf,Post Lantern,halloween,Seasonal & Themed,personScale,keyword,1.745,walkable (walk-through),yes,1000,10.00,paid,no,no,no,"placed decoration only, not clickable"
/world/models/halloween/post_skull.gltf,Post Skull,halloween,Seasonal & Themed,personScale,keyword,1.745,walkable (walk-through),yes,1000,10.00,paid,no,no,no,"placed decoration only, not clickable"
/world/models/halloween/pumpkin_orange.gltf,Pumpkin Orange,halloween,Seasonal & Themed,tiny,keyword,0.218,walkable (walk-through),yes,63,0.63,paid,no,yes,no,static click-to-collect
/world/models/halloween/pumpkin_orange_jackolantern.gltf,Pumpkin Orange Jackolantern,halloween,Seasonal & Themed,tiny,keyword,0.218,walkable (walk-through),yes,63,0.63,paid,no,yes,no,static click-to-collect
/world/models/halloween/pumpkin_orange_small.gltf,Pumpkin Orange Small,halloween,Seasonal & Themed,tiny,keyword,0.218,walkable (walk-through),yes,63,0.63,paid,no,yes,no,static click-to-collect
/world/models/halloween/pumpkin_yellow.gltf,Pumpkin Yellow,halloween,Seasonal & Themed,tiny,keyword,0.218,walkable (walk-through),yes,63,0.63,paid,no,yes,no,static click-to-collect
/world/models/halloween/pumpkin_yellow_jackolantern.gltf,Pumpkin Yellow Jackolantern,halloween,Seasonal & Themed,tiny,keyword,0.218,walkable (walk-through),yes,63,0.63,paid,no,yes,no,static click-to-collect
/world/models/halloween/pumpkin_yellow_small.gltf,Pumpkin Yellow Small,halloween,Seasonal & Themed,tiny,keyword,0.218,walkable (walk-through),yes,63,0.63,paid,no,yes,no,static click-to-collect
/world/models/halloween/ribcage.gltf,Ribcage,halloween,Seasonal & Themed,personScale,category-fallback,2.269,walkable (walk-through),yes,1000,10.00,paid,no,no,no,"placed decoration only, not clickable"
/world/models/halloween/shrine.gltf,Shrine,halloween,Seasonal & Themed,personScale,category-fallback,2.269,walkable (walk-through),yes,1000,10.00,paid,no,no,no,"placed decoration only, not clickable"
/world/models/halloween/shrine_candles.gltf,Shrine Candles,halloween,Seasonal & Themed,personScale,category-fallback,2.269,walkable (walk-through),yes,1000,10.00,paid,no,no,no,"placed decoration only, not clickable"
/world/models/halloween/skull.gltf,Skull,halloween,Seasonal & Themed,personScale,category-fallback,2.269,walkable (walk-through),yes,1000,10.00,paid,no,no,no,"placed decoration only, not clickable"
/world/models/halloween/skull_candle.gltf,Skull Candle,halloween,Seasonal & Themed,personScale,category-fallback,2.269,walkable (walk-through),yes,1000,10.00,paid,no,no,no,"placed decoration only, not clickable"
/world/models/halloween/tree_dead_large.gltf,Tree Dead Large,halloween,Seasonal & Themed,personScale,category-fallback,2.269,walkable (walk-through),yes,1000,10.00,paid,no,no,no,"placed decoration only, not clickable"
/world/models/halloween/tree_dead_large_decorated.gltf,Tree Dead Large Decorated,halloween,Seasonal & Themed,personScale,category-fallback,2.269,walkable (walk-through),yes,1000,10.00,paid,no,no,no,"placed decoration only, not clickable"
/world/models/halloween/tree_dead_medium.gltf,Tree Dead Medium,halloween,Seasonal & Themed,personScale,category-fallback,2.269,walkable (walk-through),yes,1000,10.00,paid,no,no,no,"placed decoration only, not clickable"
/world/models/halloween/tree_dead_small.gltf,Tree Dead Small,halloween,Seasonal & Themed,personScale,category-fallback,2.269,walkable (walk-through),yes,1000,10.00,paid,no,no,no,"placed decoration only, not clickable"
/world/models/halloween/tree_pine_orange_large.gltf,Tree Pine Orange Large,halloween,Seasonal & Themed,personScale,category-fallback,2.269,walkable (walk-through),yes,1000,10.00,paid,no,no,no,"placed decoration only, not clickable"
/world/models/halloween/tree_pine_orange_medium.gltf,Tree Pine Orange Medium,halloween,Seasonal & Themed,personScale,category-fallback,2.269,walkable (walk-through),yes,1000,10.00,paid,no,no,no,"placed decoration only, not clickable"
/world/models/halloween/tree_pine_orange_small.gltf,Tree Pine Orange Small,halloween,Seasonal & Themed,personScale,category-fallback,2.269,walkable (walk-through),yes,1000,10.00,paid,no,no,no,"placed decoration only, not clickable"
/world/models/halloween/tree_pine_yellow_large.gltf,Tree Pine Yellow Large,halloween,Seasonal & Themed,personScale,category-fallback,2.269,walkable (walk-through),yes,1000,10.00,paid,no,no,no,"placed decoration only, not clickable"
/world/models/halloween/tree_pine_yellow_medium.gltf,Tree Pine Yellow Medium,halloween,Seasonal & Themed,personScale,category-fallback,2.269,walkable (walk-through),yes,1000,10.00,paid,no,no,no,"placed decoration only, not clickable"
/world/models/halloween/tree_pine_yellow_small.gltf,Tree Pine Yellow Small,halloween,Seasonal & Themed,personScale,category-fallback,2.269,walkable (walk-through),yes,1000,10.00,paid,no,no,no,"placed decoration only, not clickable"
/world/models/holiday/bench-short.glb,Bench Short,holiday,Seasonal & Themed,furniture,keyword,0.873,walkable (walk-through),yes,625,6.25,paid,no,no,no,"placed decoration only, not clickable"
/world/models/holiday/bench.glb,Bench,holiday,Seasonal & Themed,furniture,keyword,0.873,walkable (walk-through),yes,625,6.25,paid,no,no,no,"placed decoration only, not clickable"
/world/models/holiday/cabin-corner-bottom.glb,Cabin Corner Bottom,holiday,Seasonal & Themed,personScale,category-fallback,2.269,walkable (walk-through),yes,1000,10.00,paid,no,no,no,"placed decoration only, not clickable"
/world/models/holiday/cabin-corner-logs.glb,Cabin Corner Logs,holiday,Seasonal & Themed,personScale,category-fallback,2.269,walkable (walk-through),yes,1000,10.00,paid,no,no,no,"placed decoration only, not clickable"
/world/models/holiday/cabin-corner.glb,Cabin Corner,holiday,Seasonal & Themed,personScale,category-fallback,2.269,walkable (walk-through),yes,1000,10.00,paid,no,no,no,"placed decoration only, not clickable"
/world/models/holiday/cabin-door-rotate.glb,Cabin Door Rotate,holiday,Seasonal & Themed,tallFurniture,keyword,1.745,walkable (walk-through),yes,750,7.50,paid,no,no,no,"placed decoration only, not clickable"
/world/models/holiday/cabin-doorway-center.glb,Cabin Doorway Center,holiday,Seasonal & Themed,tallFurniture,keyword,1.745,walkable (walk-through),yes,750,7.50,paid,no,no,no,"placed decoration only, not clickable"
/world/models/holiday/cabin-doorway-left.glb,Cabin Doorway Left,holiday,Seasonal & Themed,tallFurniture,keyword,1.745,walkable (walk-through),yes,750,7.50,paid,no,no,no,"placed decoration only, not clickable"
/world/models/holiday/cabin-doorway-right.glb,Cabin Doorway Right,holiday,Seasonal & Themed,tallFurniture,keyword,1.745,walkable (walk-through),yes,750,7.50,paid,no,no,no,"placed decoration only, not clickable"
/world/models/holiday/cabin-doorway.glb,Cabin Doorway,holiday,Seasonal & Themed,tallFurniture,keyword,1.745,walkable (walk-through),yes,750,7.50,paid,no,no,no,"placed decoration only, not clickable"
/world/models/holiday/cabin-fence.glb,Cabin Fence,holiday,Seasonal & Themed,personScale,keyword,1.745,walkable (walk-through),yes,1000,10.00,paid,no,no,no,"placed decoration only, not clickable"
/world/models/holiday/cabin-overhang-door-rotate.glb,Cabin Overhang Door Rotate,holiday,Seasonal & Themed,tallFurniture,keyword,1.745,walkable (walk-through),yes,750,7.50,paid,no,no,no,"placed decoration only, not clickable"
/world/models/holiday/cabin-overhang-doorway.glb,Cabin Overhang Doorway,holiday,Seasonal & Themed,tallFurniture,keyword,1.745,walkable (walk-through),yes,750,7.50,paid,no,no,no,"placed decoration only, not clickable"
/world/models/holiday/cabin-roof-chimney.glb,Cabin Roof Chimney,holiday,Seasonal & Themed,furniture,keyword,0.873,walkable (walk-through),yes,625,6.25,paid,no,no,no,"placed decoration only, not clickable"
/world/models/holiday/cabin-roof-corner.glb,Cabin Roof Corner,holiday,Seasonal & Themed,furniture,keyword,0.873,walkable (walk-through),yes,625,6.25,paid,no,no,no,"placed decoration only, not clickable"
/world/models/holiday/cabin-roof-dormer.glb,Cabin Roof Dormer,holiday,Seasonal & Themed,furniture,keyword,0.873,walkable (walk-through),yes,625,6.25,paid,no,no,no,"placed decoration only, not clickable"
/world/models/holiday/cabin-roof-point.glb,Cabin Roof Point,holiday,Seasonal & Themed,furniture,keyword,0.873,walkable (walk-through),yes,625,6.25,paid,no,no,no,"placed decoration only, not clickable"
/world/models/holiday/cabin-roof-snow-chimney.glb,Cabin Roof Snow Chimney,holiday,Seasonal & Themed,furniture,keyword,0.873,walkable (walk-through),yes,625,6.25,paid,no,no,no,"placed decoration only, not clickable"
/world/models/holiday/cabin-roof-snow-corner.glb,Cabin Roof Snow Corner,holiday,Seasonal & Themed,furniture,keyword,0.873,walkable (walk-through),yes,625,6.25,paid,no,no,no,"placed decoration only, not clickable"
/world/models/holiday/cabin-roof-snow-dormer.glb,Cabin Roof Snow Dormer,holiday,Seasonal & Themed,furniture,keyword,0.873,walkable (walk-through),yes,625,6.25,paid,no,no,no,"placed decoration only, not clickable"
/world/models/holiday/cabin-roof-snow-point.glb,Cabin Roof Snow Point,holiday,Seasonal & Themed,furniture,keyword,0.873,walkable (walk-through),yes,625,6.25,paid,no,no,no,"placed decoration only, not clickable"
/world/models/holiday/cabin-roof-snow.glb,Cabin Roof Snow,holiday,Seasonal & Themed,furniture,keyword,0.873,walkable (walk-through),yes,625,6.25,paid,no,no,no,"placed decoration only, not clickable"
/world/models/holiday/cabin-roof-top.glb,Cabin Roof Top,holiday,Seasonal & Themed,furniture,keyword,0.873,walkable (walk-through),yes,625,6.25,paid,no,no,no,"placed decoration only, not clickable"
/world/models/holiday/cabin-roof.glb,Cabin Roof,holiday,Seasonal & Themed,furniture,keyword,0.873,walkable (walk-through),yes,625,6.25,paid,no,no,no,"placed decoration only, not clickable"
/world/models/holiday/cabin-wall-low.glb,Cabin Wall Low,holiday,Seasonal & Themed,personScale,category-fallback,2.269,walkable (walk-through),yes,1000,10.00,paid,no,no,no,"placed decoration only, not clickable"
/world/models/holiday/cabin-wall-roof-center.glb,Cabin Wall Roof Center,holiday,Seasonal & Themed,furniture,keyword,0.873,walkable (walk-through),yes,625,6.25,paid,no,no,no,"placed decoration only, not clickable"
/world/models/holiday/cabin-wall-roof.glb,Cabin Wall Roof,holiday,Seasonal & Themed,furniture,keyword,0.873,walkable (walk-through),yes,625,6.25,paid,no,no,no,"placed decoration only, not clickable"
/world/models/holiday/cabin-wall-wreath.glb,Cabin Wall Wreath,holiday,Seasonal & Themed,personScale,category-fallback,2.269,walkable (walk-through),yes,1000,10.00,paid,no,no,no,"placed decoration only, not clickable"
/world/models/holiday/cabin-wall.glb,Cabin Wall,holiday,Seasonal & Themed,personScale,category-fallback,2.269,walkable (walk-through),yes,1000,10.00,paid,no,no,no,"placed decoration only, not clickable"
/world/models/holiday/cabin-window-a.glb,Cabin Window A,holiday,Seasonal & Themed,tallFurniture,keyword,1.745,walkable (walk-through),yes,750,7.50,paid,no,no,no,"placed decoration only, not clickable"
/world/models/holiday/cabin-window-b.glb,Cabin Window B,holiday,Seasonal & Themed,tallFurniture,keyword,1.745,walkable (walk-through),yes,750,7.50,paid,no,no,no,"placed decoration only, not clickable"
/world/models/holiday/cabin-window-c.glb,Cabin Window C,holiday,Seasonal & Themed,tallFurniture,keyword,1.745,walkable (walk-through),yes,750,7.50,paid,no,no,no,"placed decoration only, not clickable"
/world/models/holiday/cabin-window-large.glb,Cabin Window Large,holiday,Seasonal & Themed,tallFurniture,keyword,1.745,walkable (walk-through),yes,750,7.50,paid,no,no,no,"placed decoration only, not clickable"
/world/models/holiday/candy-cane-green.glb,Candy Cane Green,holiday,Seasonal & Themed,personScale,category-fallback,2.269,walkable (walk-through),yes,1000,10.00,paid,no,no,no,"placed decoration only, not clickable"
/world/models/holiday/candy-cane-red.glb,Candy Cane Red,holiday,Seasonal & Themed,personScale,category-fallback,2.269,walkable (walk-through),yes,1000,10.00,paid,no,no,no,"placed decoration only, not clickable"
/world/models/holiday/festivus-pole.glb,Festivus Pole,holiday,Seasonal & Themed,personScale,category-fallback,2.269,walkable (walk-through),yes,1000,10.00,paid,no,no,no,"placed decoration only, not clickable"
/world/models/holiday/floor-stone.glb,Floor Stone,holiday,Seasonal & Themed,furniture,keyword,0.873,walkable (walk-through),yes,625,6.25,paid,no,no,no,"placed decoration only, not clickable"
/world/models/holiday/floor-wood-snow.glb,Floor Wood Snow,holiday,Seasonal & Themed,furniture,keyword,0.873,walkable (walk-through),yes,625,6.25,paid,no,no,no,"placed decoration only, not clickable"
/world/models/holiday/floor-wood.glb,Floor Wood,holiday,Seasonal & Themed,furniture,keyword,0.873,walkable (walk-through),yes,625,6.25,paid,no,no,no,"placed decoration only, not clickable"
/world/models/holiday/gingerbread-man.glb,Gingerbread Man,holiday,Seasonal & Themed,personScale,category-fallback,2.269,walkable (walk-through),yes,1000,10.00,paid,no,no,no,"placed decoration only, not clickable"
/world/models/holiday/gingerbread-woman.glb,Gingerbread Woman,holiday,Seasonal & Themed,personScale,category-fallback,2.269,walkable (walk-through),yes,1000,10.00,paid,no,no,no,"placed decoration only, not clickable"
/world/models/holiday/hanukkah-dreidel.glb,Hanukkah Dreidel,holiday,Seasonal & Themed,personScale,category-fallback,2.269,walkable (walk-through),yes,1000,10.00,paid,no,no,no,"placed decoration only, not clickable"
/world/models/holiday/hanukkah-menorah-candles.glb,Hanukkah Menorah Candles,holiday,Seasonal & Themed,personScale,category-fallback,2.269,walkable (walk-through),yes,1000,10.00,paid,no,no,no,"placed decoration only, not clickable"
/world/models/holiday/hanukkah-menorah.glb,Hanukkah Menorah,holiday,Seasonal & Themed,personScale,category-fallback,2.269,walkable (walk-through),yes,1000,10.00,paid,no,no,no,"placed decoration only, not clickable"
/world/models/holiday/kwanzaa-kikombe.glb,Kwanzaa Kikombe,holiday,Seasonal & Themed,personScale,category-fallback,2.269,walkable (walk-through),yes,1000,10.00,paid,no,no,no,"placed decoration only, not clickable"
/world/models/holiday/kwanzaa-kinara-alternative.glb,Kwanzaa Kinara Alternative,holiday,Seasonal & Themed,personScale,category-fallback,2.269,walkable (walk-through),yes,1000,10.00,paid,no,no,no,"placed decoration only, not clickable"
/world/models/holiday/kwanzaa-kinara.glb,Kwanzaa Kinara,holiday,Seasonal & Themed,personScale,category-fallback,2.269,walkable (walk-through),yes,1000,10.00,paid,no,no,no,"placed decoration only, not clickable"
/world/models/holiday/lantern-hanging.glb,Lantern Hanging,holiday,Seasonal & Themed,personScale,category-fallback,2.269,walkable (walk-through),yes,1000,10.00,paid,no,no,no,"placed decoration only, not clickable"
/world/models/holiday/lantern.glb,Lantern,holiday,Seasonal & Themed,personScale,category-fallback,2.269,walkable (walk-through),yes,1000,10.00,paid,no,no,no,"placed decoration only, not clickable"
/world/models/holiday/lights-colored.glb,Lights Colored,holiday,Seasonal & Themed,personScale,category-fallback,2.269,walkable (walk-through),yes,1000,10.00,paid,no,no,no,"placed decoration only, not clickable"
/world/models/holiday/lights-green.glb,Lights Green,holiday,Seasonal & Themed,personScale,category-fallback,2.269,walkable (walk-through),yes,1000,10.00,paid,no,no,no,"placed decoration only, not clickable"
/world/models/holiday/lights-red.glb,Lights Red,holiday,Seasonal & Themed,personScale,category-fallback,2.269,walkable (walk-through),yes,1000,10.00,paid,no,no,no,"placed decoration only, not clickable"
/world/models/holiday/nutcracker.glb,Nutcracker,holiday,Seasonal & Themed,personScale,category-fallback,2.269,walkable (walk-through),yes,1000,10.00,paid,no,no,no,"placed decoration only, not clickable"
/world/models/holiday/present-a-cube.glb,Present A Cube,holiday,Seasonal & Themed,personScale,category-fallback,2.269,walkable (walk-through),yes,1000,10.00,paid,no,no,no,"placed decoration only, not clickable"
/world/models/holiday/present-a-rectangle.glb,Present A Rectangle,holiday,Seasonal & Themed,personScale,category-fallback,2.269,walkable (walk-through),yes,1000,10.00,paid,no,no,no,"placed decoration only, not clickable"
/world/models/holiday/present-a-round.glb,Present A Round,holiday,Seasonal & Themed,personScale,category-fallback,2.269,walkable (walk-through),yes,1000,10.00,paid,no,no,no,"placed decoration only, not clickable"
/world/models/holiday/present-b-cube.glb,Present B Cube,holiday,Seasonal & Themed,personScale,category-fallback,2.269,walkable (walk-through),yes,1000,10.00,paid,no,no,no,"placed decoration only, not clickable"
/world/models/holiday/present-b-rectangle.glb,Present B Rectangle,holiday,Seasonal & Themed,personScale,category-fallback,2.269,walkable (walk-through),yes,1000,10.00,paid,no,no,no,"placed decoration only, not clickable"
/world/models/holiday/present-b-round.glb,Present B Round,holiday,Seasonal & Themed,personScale,category-fallback,2.269,walkable (walk-through),yes,1000,10.00,paid,no,no,no,"placed decoration only, not clickable"
/world/models/holiday/reindeer.glb,Reindeer,holiday,Seasonal & Themed,personScale,category-fallback,2.269,walkable (walk-through),yes,1000,10.00,paid,no,no,no,"placed decoration only, not clickable"
/world/models/holiday/rocks-large.glb,Rocks Large,holiday,Seasonal & Themed,personScale,category-fallback,2.269,walkable (walk-through),yes,1000,10.00,paid,no,no,no,"placed decoration only, not clickable"
/world/models/holiday/rocks-medium.glb,Rocks Medium,holiday,Seasonal & Themed,personScale,category-fallback,2.269,walkable (walk-through),yes,1000,10.00,paid,no,no,no,"placed decoration only, not clickable"
/world/models/holiday/rocks-small.glb,Rocks Small,holiday,Seasonal & Themed,personScale,category-fallback,2.269,walkable (walk-through),yes,1000,10.00,paid,no,no,no,"placed decoration only, not clickable"
/world/models/holiday/sled-long.glb,Sled Long,holiday,Seasonal & Themed,personScale,category-fallback,2.269,walkable (walk-through),yes,1000,10.00,paid,no,no,no,"placed decoration only, not clickable"
/world/models/holiday/sled.glb,Sled,holiday,Seasonal & Themed,personScale,category-fallback,2.269,walkable (walk-through),yes,1000,10.00,paid,no,no,no,"placed decoration only, not clickable"
/world/models/holiday/snow-bunker.glb,Snow Bunker,holiday,Seasonal & Themed,personScale,category-fallback,2.269,walkable (walk-through),yes,1000,10.00,paid,no,no,no,"placed decoration only, not clickable"
/world/models/holiday/snow-flat-large.glb,Snow Flat Large,holiday,Seasonal & Themed,personScale,category-fallback,2.269,walkable (walk-through),yes,1000,10.00,paid,no,no,no,"placed decoration only, not clickable"
/world/models/holiday/snow-flat.glb,Snow Flat,holiday,Seasonal & Themed,personScale,category-fallback,2.269,walkable (walk-through),yes,1000,10.00,paid,no,no,no,"placed decoration only, not clickable"
/world/models/holiday/snow-pile.glb,Snow Pile,holiday,Seasonal & Themed,personScale,category-fallback,2.269,walkable (walk-through),yes,1000,10.00,paid,no,no,no,"placed decoration only, not clickable"
/world/models/holiday/snowflake-a.glb,Snowflake A,holiday,Seasonal & Themed,personScale,category-fallback,2.269,walkable (walk-through),yes,1000,10.00,paid,no,no,no,"placed decoration only, not clickable"
/world/models/holiday/snowflake-b.glb,Snowflake B,holiday,Seasonal & Themed,personScale,category-fallback,2.269,walkable (walk-through),yes,1000,10.00,paid,no,no,no,"placed decoration only, not clickable"
/world/models/holiday/snowflake-c.glb,Snowflake C,holiday,Seasonal & Themed,personScale,category-fallback,2.269,walkable (walk-through),yes,1000,10.00,paid,no,no,no,"placed decoration only, not clickable"
/world/models/holiday/snowman-hat.glb,Snowman Hat,holiday,Seasonal & Themed,personScale,category-fallback,2.269,walkable (walk-through),yes,1000,10.00,paid,no,no,no,"placed decoration only, not clickable"
/world/models/holiday/snowman.glb,Snowman,holiday,Seasonal & Themed,personScale,category-fallback,2.269,walkable (walk-through),yes,1000,10.00,paid,no,no,no,"placed decoration only, not clickable"
/world/models/holiday/sock-green-cane.glb,Sock Green Cane,holiday,Seasonal & Themed,personScale,category-fallback,2.269,walkable (walk-through),yes,1000,10.00,paid,no,no,no,"placed decoration only, not clickable"
/world/models/holiday/sock-green.glb,Sock Green,holiday,Seasonal & Themed,personScale,category-fallback,2.269,walkable (walk-through),yes,1000,10.00,paid,no,no,no,"placed decoration only, not clickable"
/world/models/holiday/sock-red-cane.glb,Sock Red Cane,holiday,Seasonal & Themed,personScale,category-fallback,2.269,walkable (walk-through),yes,1000,10.00,paid,no,no,no,"placed decoration only, not clickable"
/world/models/holiday/sock-red.glb,Sock Red,holiday,Seasonal & Themed,personScale,category-fallback,2.269,walkable (walk-through),yes,1000,10.00,paid,no,no,no,"placed decoration only, not clickable"
/world/models/holiday/train-locomotive.glb,Train Locomotive,holiday,Seasonal & Themed,personScale,category-fallback,2.269,walkable (walk-through),yes,1000,10.00,paid,no,no,no,"placed decoration only, not clickable"
/world/models/holiday/train-tender.glb,Train Tender,holiday,Seasonal & Themed,personScale,category-fallback,2.269,walkable (walk-through),yes,1000,10.00,paid,no,no,no,"placed decoration only, not clickable"
/world/models/holiday/train-wagon-flat-short.glb,Train Wagon Flat Short,holiday,Seasonal & Themed,personScale,category-fallback,2.269,walkable (walk-through),yes,1000,10.00,paid,no,no,no,"placed decoration only, not clickable"
/world/models/holiday/train-wagon-flat.glb,Train Wagon Flat,holiday,Seasonal & Themed,personScale,category-fallback,2.269,walkable (walk-through),yes,1000,10.00,paid,no,no,no,"placed decoration only, not clickable"
/world/models/holiday/train-wagon-logs.glb,Train Wagon Logs,holiday,Seasonal & Themed,personScale,category-fallback,2.269,walkable (walk-through),yes,1000,10.00,paid,no,no,no,"placed decoration only, not clickable"
/world/models/holiday/train-wagon-short.glb,Train Wagon Short,holiday,Seasonal & Themed,personScale,category-fallback,2.269,walkable (walk-through),yes,1000,10.00,paid,no,no,no,"placed decoration only, not clickable"
/world/models/holiday/train-wagon.glb,Train Wagon,holiday,Seasonal & Themed,personScale,category-fallback,2.269,walkable (walk-through),yes,1000,10.00,paid,no,no,no,"placed decoration only, not clickable"
/world/models/holiday/trainset-rail-bend.glb,Trainset Rail Bend,holiday,Seasonal & Themed,personScale,category-fallback,2.269,walkable (walk-through),yes,1000,10.00,paid,no,no,no,"placed decoration only, not clickable"
/world/models/holiday/trainset-rail-corner.glb,Trainset Rail Corner,holiday,Seasonal & Themed,personScale,category-fallback,2.269,walkable (walk-through),yes,1000,10.00,paid,no,no,no,"placed decoration only, not clickable"
/world/models/holiday/trainset-rail-detailed-bend.glb,Trainset Rail Detailed Bend,holiday,Seasonal & Themed,personScale,category-fallback,2.269,walkable (walk-through),yes,1000,10.00,paid,no,no,no,"placed decoration only, not clickable"
/world/models/holiday/trainset-rail-detailed-corner.glb,Trainset Rail Detailed Corner,holiday,Seasonal & Themed,personScale,category-fallback,2.269,walkable (walk-through),yes,1000,10.00,paid,no,no,no,"placed decoration only, not clickable"
/world/models/holiday/trainset-rail-detailed-straight.glb,Trainset Rail Detailed Straight,holiday,Seasonal & Themed,personScale,category-fallback,2.269,walkable (walk-through),yes,1000,10.00,paid,no,no,no,"placed decoration only, not clickable"
/world/models/holiday/trainset-rail-straight.glb,Trainset Rail Straight,holiday,Seasonal & Themed,personScale,category-fallback,2.269,walkable (walk-through),yes,1000,10.00,paid,no,no,no,"placed decoration only, not clickable"
/world/models/holiday/tree-decorated-snow.glb,Tree Decorated Snow,holiday,Seasonal & Themed,personScale,category-fallback,2.269,walkable (walk-through),yes,1000,10.00,paid,no,no,no,"placed decoration only, not clickable"
/world/models/holiday/tree-decorated.glb,Tree Decorated,holiday,Seasonal & Themed,personScale,category-fallback,2.269,walkable (walk-through),yes,1000,10.00,paid,no,no,no,"placed decoration only, not clickable"
/world/models/holiday/tree-snow-a.glb,Tree Snow A,holiday,Seasonal & Themed,personScale,category-fallback,2.269,walkable (walk-through),yes,1000,10.00,paid,no,no,no,"placed decoration only, not clickable"
/world/models/holiday/tree-snow-b.glb,Tree Snow B,holiday,Seasonal & Themed,personScale,category-fallback,2.269,walkable (walk-through),yes,1000,10.00,paid,no,no,no,"placed decoration only, not clickable"
/world/models/holiday/tree-snow-c.glb,Tree Snow C,holiday,Seasonal & Themed,personScale,category-fallback,2.269,walkable (walk-through),yes,1000,10.00,paid,no,no,no,"placed decoration only, not clickable"
/world/models/holiday/tree.glb,Tree,holiday,Seasonal & Themed,personScale,category-fallback,2.269,walkable (walk-through),yes,1000,10.00,paid,no,no,no,"placed decoration only, not clickable"
/world/models/holiday/wreath-decorated.glb,Wreath Decorated,holiday,Seasonal & Themed,personScale,category-fallback,2.269,walkable (walk-through),yes,1000,10.00,paid,no,no,no,"placed decoration only, not clickable"
/world/models/holiday/wreath.glb,Wreath,holiday,Seasonal & Themed,personScale,category-fallback,2.269,walkable (walk-through),yes,1000,10.00,paid,no,no,no,"placed decoration only, not clickable"
/world/models/interior/bathroom-bathtub.glb,Bathroom Bathtub,interior,Buildings & Places,furniture,keyword,0.873,solid (blocks movement),yes,500,5.00,paid,no,no,no,"placed decoration only, not clickable"
/world/models/interior/bathroom-mirror1.glb,Bathroom Mirror1,interior,Buildings & Places,furniture,keyword,0.873,solid (blocks movement),yes,500,5.00,paid,no,no,no,"placed decoration only, not clickable"
/world/models/interior/bathroom-mirror2.glb,Bathroom Mirror2,interior,Buildings & Places,furniture,keyword,0.873,solid (blocks movement),yes,500,5.00,paid,no,no,no,"placed decoration only, not clickable"
/world/models/interior/bathroom-shower1.glb,Bathroom Shower1,interior,Buildings & Places,furniture,keyword,0.873,solid (blocks movement),yes,500,5.00,paid,no,no,no,"placed decoration only, not clickable"
/world/models/interior/bathroom-sink.glb,Bathroom Sink,interior,Buildings & Places,furniture,keyword,0.873,solid (blocks movement),yes,500,5.00,paid,no,no,no,"placed decoration only, not clickable"
/world/models/interior/bathroom-toilet-paper-pile.glb,Bathroom Toilet Paper Pile,interior,Buildings & Places,furniture,keyword,0.873,solid (blocks movement),yes,500,5.00,paid,no,no,no,"placed decoration only, not clickable"
/world/models/interior/bathroom-toilet-paper.glb,Bathroom Toilet Paper,interior,Buildings & Places,furniture,keyword,0.873,solid (blocks movement),yes,500,5.00,paid,no,no,no,"placed decoration only, not clickable"
/world/models/interior/bathroom-toilet.glb,Bathroom Toilet,interior,Buildings & Places,furniture,keyword,0.873,solid (blocks movement),yes,500,5.00,paid,no,no,no,"placed decoration only, not clickable"
/world/models/interior/bathroom-toilet2.glb,Bathroom Toilet2,interior,Buildings & Places,furniture,keyword,0.873,solid (blocks movement),yes,500,5.00,paid,no,no,no,"placed decoration only, not clickable"
/world/models/interior/bathroom-towel.glb,Bathroom Towel,interior,Buildings & Places,furniture,category-fallback,1.745,solid (blocks movement),yes,500,5.00,paid,no,no,no,"placed decoration only, not clickable"
/world/models/interior/bathroom-washing-machine.glb,Bathroom Washing Machine,interior,Buildings & Places,furniture,keyword,0.873,solid (blocks movement),yes,500,5.00,paid,no,no,no,"placed decoration only, not clickable"
/world/models/interior/bed-bunk.glb,Bed Bunk,interior,Buildings & Places,furniture,keyword,0.873,solid (blocks movement),yes,500,5.00,paid,no,no,no,"placed decoration only, not clickable"
/world/models/interior/bed-king.glb,Bed King,interior,Buildings & Places,furniture,keyword,0.873,solid (blocks movement),yes,500,5.00,paid,no,no,no,"placed decoration only, not clickable"
/world/models/interior/bed-single.glb,Bed Single,interior,Buildings & Places,furniture,keyword,0.873,solid (blocks movement),yes,500,5.00,paid,no,no,no,"placed decoration only, not clickable"
/world/models/interior/bookshelf.glb,Bookshelf,interior,Buildings & Places,tallFurniture,keyword,1.745,solid (blocks movement),yes,0,0.00,free-starter (one per student — Sims4 lot-requirement precedent),no,no,no,"placed decoration only, not clickable"
/world/models/interior/carpet-1.glb,Carpet 1,interior,Buildings & Places,furniture,category-fallback,1.745,solid (blocks movement),yes,500,5.00,paid,no,no,no,"placed decoration only, not clickable"
/world/models/interior/carpet-2.glb,Carpet 2,interior,Buildings & Places,furniture,category-fallback,1.745,solid (blocks movement),yes,500,5.00,paid,no,no,no,"placed decoration only, not clickable"
/world/models/interior/carpet-round.glb,Carpet Round,interior,Buildings & Places,furniture,category-fallback,1.745,solid (blocks movement),yes,500,5.00,paid,no,no,no,"placed decoration only, not clickable"
/world/models/interior/chair-1.glb,Chair 1,interior,Buildings & Places,furniture,keyword,0.873,solid (blocks movement),yes,500,5.00,paid,no,no,no,"placed decoration only, not clickable"
/world/models/interior/chair-2.glb,Chair 2,interior,Buildings & Places,furniture,keyword,0.873,solid (blocks movement),yes,500,5.00,paid,no,no,no,"placed decoration only, not clickable"
/world/models/interior/chair-3.glb,Chair 3,interior,Buildings & Places,furniture,keyword,0.873,solid (blocks movement),yes,500,5.00,paid,no,no,no,"placed decoration only, not clickable"
/world/models/interior/chair-4.glb,Chair 4,interior,Buildings & Places,furniture,keyword,0.873,solid (blocks movement),yes,500,5.00,paid,no,no,no,"placed decoration only, not clickable"
/world/models/interior/column-round1.glb,Column Round1,interior,Buildings & Places,personScale,keyword,1.745,solid (blocks movement),yes,800,8.00,paid,no,no,no,"placed decoration only, not clickable"
/world/models/interior/column-round2.glb,Column Round2,interior,Buildings & Places,personScale,keyword,1.745,solid (blocks movement),yes,800,8.00,paid,no,no,no,"placed decoration only, not clickable"
/world/models/interior/column-round3.glb,Column Round3,interior,Buildings & Places,personScale,keyword,1.745,solid (blocks movement),yes,800,8.00,paid,no,no,no,"placed decoration only, not clickable"
/world/models/interior/column-square-big.glb,Column Square Big,interior,Buildings & Places,personScale,keyword,1.745,solid (blocks movement),yes,800,8.00,paid,no,no,no,"placed decoration only, not clickable"
/world/models/interior/column-square-small.glb,Column Square Small,interior,Buildings & Places,personScale,keyword,1.745,solid (blocks movement),yes,800,8.00,paid,no,no,no,"placed decoration only, not clickable"
/world/models/interior/couch-l.glb,Couch L,interior,Buildings & Places,furniture,keyword,0.873,solid (blocks movement),yes,500,5.00,paid,no,no,no,"placed decoration only, not clickable"
/world/models/interior/couch-large1.glb,Couch Large1,interior,Buildings & Places,furniture,keyword,0.873,solid (blocks movement),yes,500,5.00,paid,no,no,no,"placed decoration only, not clickable"
/world/models/interior/couch-large2.glb,Couch Large2,interior,Buildings & Places,furniture,keyword,0.873,solid (blocks movement),yes,500,5.00,paid,no,no,no,"placed decoration only, not clickable"
/world/models/interior/couch-large3.glb,Couch Large3,interior,Buildings & Places,furniture,keyword,0.873,solid (blocks movement),yes,500,5.00,paid,no,no,no,"placed decoration only, not clickable"
/world/models/interior/couch-medium1.glb,Couch Medium1,interior,Buildings & Places,furniture,keyword,0.873,solid (blocks movement),yes,500,5.00,paid,no,no,no,"placed decoration only, not clickable"
/world/models/interior/couch-medium2.glb,Couch Medium2,interior,Buildings & Places,furniture,keyword,0.873,solid (blocks movement),yes,500,5.00,paid,no,no,no,"placed decoration only, not clickable"
/world/models/interior/couch-small1.glb,Couch Small1,interior,Buildings & Places,furniture,keyword,0.873,solid (blocks movement),yes,500,5.00,paid,no,no,no,"placed decoration only, not clickable"
/world/models/interior/couch-small2.glb,Couch Small2,interior,Buildings & Places,furniture,keyword,0.873,solid (blocks movement),yes,500,5.00,paid,no,no,no,"placed decoration only, not clickable"
/world/models/interior/curtains-double.glb,Curtains Double,interior,Buildings & Places,personScale,keyword,1.745,solid (blocks movement),yes,800,8.00,paid,no,no,no,"placed decoration only, not clickable"
/world/models/interior/curtains-single.glb,Curtains Single,interior,Buildings & Places,personScale,keyword,1.745,solid (blocks movement),yes,800,8.00,paid,no,no,no,"placed decoration only, not clickable"
/world/models/interior/desk-1.glb,Desk 1,interior,Buildings & Places,furniture,keyword,0.873,solid (blocks movement),yes,500,5.00,paid,no,no,no,"placed decoration only, not clickable"
/world/models/interior/desk-2.glb,Desk 2,interior,Buildings & Places,furniture,keyword,0.873,solid (blocks movement),yes,500,5.00,paid,no,no,no,"placed decoration only, not clickable"
/world/models/interior/door-1.glb,Door 1,interior,Buildings & Places,tallFurniture,keyword,1.745,solid (blocks movement),yes,0,0.00,free-starter (one per student — Sims4 lot-requirement precedent),no,no,no,"placed decoration only, not clickable"
/world/models/interior/door-2.glb,Door 2,interior,Buildings & Places,tallFurniture,keyword,1.745,solid (blocks movement),yes,0,0.00,free-starter (one per student — Sims4 lot-requirement precedent),no,no,no,"placed decoration only, not clickable"
/world/models/interior/door-3.glb,Door 3,interior,Buildings & Places,tallFurniture,keyword,1.745,solid (blocks movement),yes,0,0.00,free-starter (one per student — Sims4 lot-requirement precedent),no,no,no,"placed decoration only, not clickable"
/world/models/interior/door-4.glb,Door 4,interior,Buildings & Places,tallFurniture,keyword,1.745,solid (blocks movement),yes,0,0.00,free-starter (one per student — Sims4 lot-requirement precedent),no,no,no,"placed decoration only, not clickable"
/world/models/interior/door-5.glb,Door 5,interior,Buildings & Places,tallFurniture,keyword,1.745,solid (blocks movement),yes,0,0.00,free-starter (one per student — Sims4 lot-requirement precedent),no,no,no,"placed decoration only, not clickable"
/world/models/interior/door-6.glb,Door 6,interior,Buildings & Places,tallFurniture,keyword,1.745,solid (blocks movement),yes,0,0.00,free-starter (one per student — Sims4 lot-requirement precedent),no,no,no,"placed decoration only, not clickable"
/world/models/interior/door-7.glb,Door 7,interior,Buildings & Places,tallFurniture,keyword,1.745,solid (blocks movement),yes,0,0.00,free-starter (one per student — Sims4 lot-requirement precedent),no,no,no,"placed decoration only, not clickable"
/world/models/interior/door-8.glb,Door 8,interior,Buildings & Places,tallFurniture,keyword,1.745,solid (blocks movement),yes,0,0.00,free-starter (one per student — Sims4 lot-requirement precedent),no,no,no,"placed decoration only, not clickable"
/world/models/interior/door-9.glb,Door 9,interior,Buildings & Places,tallFurniture,keyword,1.745,solid (blocks movement),yes,0,0.00,free-starter (one per student — Sims4 lot-requirement precedent),no,no,no,"placed decoration only, not clickable"
/world/models/interior/door-double.glb,Door Double,interior,Buildings & Places,tallFurniture,keyword,1.745,solid (blocks movement),yes,0,0.00,free-starter (one per student — Sims4 lot-requirement precedent),no,no,no,"placed decoration only, not clickable"
/world/models/interior/drawer-1.glb,Drawer 1,interior,Buildings & Places,smallObject,keyword,0.436,solid (blocks movement),yes,150,1.50,paid,no,yes,no,static click-to-collect
/world/models/interior/drawer-2.glb,Drawer 2,interior,Buildings & Places,smallObject,keyword,0.436,solid (blocks movement),yes,150,1.50,paid,no,yes,no,static click-to-collect
/world/models/interior/drawer-3.glb,Drawer 3,interior,Buildings & Places,smallObject,keyword,0.436,solid (blocks movement),yes,150,1.50,paid,no,yes,no,static click-to-collect
/world/models/interior/drawer-4.glb,Drawer 4,interior,Buildings & Places,smallObject,keyword,0.436,solid (blocks movement),yes,150,1.50,paid,no,yes,no,static click-to-collect
/world/models/interior/drawer-5.glb,Drawer 5,interior,Buildings & Places,smallObject,keyword,0.436,solid (blocks movement),yes,150,1.50,paid,no,yes,no,static click-to-collect
/world/models/interior/fireplace.glb,Fireplace,interior,Buildings & Places,tallFurniture,keyword,1.745,solid (blocks movement),yes,0,0.00,free-starter (one per student — Sims4 lot-requirement precedent),no,yes,yes,needs an animated material/shader (flicker/play) not present today
/world/models/interior/fork.glb,Fork,interior,Buildings & Places,tiny,keyword,0.218,solid (blocks movement),yes,50,0.50,paid,no,yes,no,static click-to-collect
/world/models/interior/houseplant-1.glb,Houseplant 1,interior,Buildings & Places,smallObject,keyword,0.436,solid (blocks movement),yes,150,1.50,paid,yes,yes,no,static click-to-collect
/world/models/interior/houseplant-2.glb,Houseplant 2,interior,Buildings & Places,smallObject,keyword,0.436,solid (blocks movement),yes,150,1.50,paid,yes,yes,no,static click-to-collect
/world/models/interior/houseplant-3.glb,Houseplant 3,interior,Buildings & Places,smallObject,keyword,0.436,solid (blocks movement),yes,150,1.50,paid,yes,yes,no,static click-to-collect
/world/models/interior/houseplant-4.glb,Houseplant 4,interior,Buildings & Places,smallObject,keyword,0.436,solid (blocks movement),yes,150,1.50,paid,yes,yes,no,static click-to-collect
/world/models/interior/houseplant-5.glb,Houseplant 5,interior,Buildings & Places,smallObject,keyword,0.436,solid (blocks movement),yes,150,1.50,paid,yes,yes,no,static click-to-collect
/world/models/interior/houseplant-6.glb,Houseplant 6,interior,Buildings & Places,smallObject,keyword,0.436,solid (blocks movement),yes,150,1.50,paid,yes,yes,no,static click-to-collect
/world/models/interior/houseplant-7.glb,Houseplant 7,interior,Buildings & Places,smallObject,keyword,0.436,solid (blocks movement),yes,150,1.50,paid,yes,yes,no,static click-to-collect
/world/models/interior/houseplant-8.glb,Houseplant 8,interior,Buildings & Places,smallObject,keyword,0.436,solid (blocks movement),yes,150,1.50,paid,yes,yes,no,static click-to-collect
/world/models/interior/kitchen-1-drawers.glb,Kitchen 1 Drawers,interior,Buildings & Places,smallObject,keyword,0.436,solid (blocks movement),yes,150,1.50,paid,no,yes,no,static click-to-collect
/world/models/interior/kitchen-2-drawers.glb,Kitchen 2 Drawers,interior,Buildings & Places,smallObject,keyword,0.436,solid (blocks movement),yes,150,1.50,paid,no,yes,no,static click-to-collect
/world/models/interior/kitchen-3-drawers.glb,Kitchen 3 Drawers,interior,Buildings & Places,smallObject,keyword,0.436,solid (blocks movement),yes,150,1.50,paid,no,yes,no,static click-to-collect
/world/models/interior/kitchen-cabinet-small.glb,Kitchen Cabinet Small,interior,Buildings & Places,furniture,keyword,0.873,solid (blocks movement),yes,500,5.00,paid,no,no,no,"placed decoration only, not clickable"
/world/models/interior/kitchen-cabinet1.glb,Kitchen Cabinet1,interior,Buildings & Places,furniture,keyword,0.873,solid (blocks movement),yes,500,5.00,paid,no,no,no,"placed decoration only, not clickable"
/world/models/interior/kitchen-cabinet2.glb,Kitchen Cabinet2,interior,Buildings & Places,furniture,keyword,0.873,solid (blocks movement),yes,500,5.00,paid,no,no,no,"placed decoration only, not clickable"
/world/models/interior/kitchen-fridge.glb,Kitchen Fridge,interior,Buildings & Places,furniture,category-fallback,1.745,solid (blocks movement),yes,500,5.00,paid,no,no,no,"placed decoration only, not clickable"
/world/models/interior/kitchen-oven-large.glb,Kitchen Oven Large,interior,Buildings & Places,furniture,category-fallback,1.745,solid (blocks movement),yes,500,5.00,paid,no,no,no,"placed decoration only, not clickable"
/world/models/interior/kitchen-oven.glb,Kitchen Oven,interior,Buildings & Places,furniture,category-fallback,1.745,solid (blocks movement),yes,500,5.00,paid,no,no,no,"placed decoration only, not clickable"
/world/models/interior/kitchen-sink.glb,Kitchen Sink,interior,Buildings & Places,furniture,keyword,0.873,solid (blocks movement),yes,500,5.00,paid,no,no,no,"placed decoration only, not clickable"
/world/models/interior/knife.glb,Knife,interior,Buildings & Places,tiny,keyword,0.218,solid (blocks movement),yes,50,0.50,paid,no,yes,no,static click-to-collect
/world/models/interior/light-ceiling-single.glb,Light Ceiling Single,interior,Buildings & Places,smallObject,keyword,0.436,solid (blocks movement),yes,150,1.50,paid,no,yes,no,static click-to-collect
/world/models/interior/light-ceiling1.glb,Light Ceiling1,interior,Buildings & Places,smallObject,keyword,0.436,solid (blocks movement),yes,150,1.50,paid,no,yes,no,static click-to-collect
/world/models/interior/light-ceiling2.glb,Light Ceiling2,interior,Buildings & Places,smallObject,keyword,0.436,solid (blocks movement),yes,150,1.50,paid,no,yes,no,static click-to-collect
/world/models/interior/light-ceiling3.glb,Light Ceiling3,interior,Buildings & Places,smallObject,keyword,0.436,solid (blocks movement),yes,150,1.50,paid,no,yes,no,static click-to-collect
/world/models/interior/light-ceiling4.glb,Light Ceiling4,interior,Buildings & Places,smallObject,keyword,0.436,solid (blocks movement),yes,150,1.50,paid,no,yes,no,static click-to-collect
/world/models/interior/light-ceiling5.glb,Light Ceiling5,interior,Buildings & Places,smallObject,keyword,0.436,solid (blocks movement),yes,150,1.50,paid,no,yes,no,static click-to-collect
/world/models/interior/light-ceiling6.glb,Light Ceiling6,interior,Buildings & Places,smallObject,keyword,0.436,solid (blocks movement),yes,150,1.50,paid,no,yes,no,static click-to-collect
/world/models/interior/light-chandelier.glb,Light Chandelier,interior,Buildings & Places,smallObject,keyword,0.436,solid (blocks movement),yes,150,1.50,paid,no,yes,no,static click-to-collect
/world/models/interior/light-cube.glb,Light Cube,interior,Buildings & Places,smallObject,keyword,0.436,solid (blocks movement),yes,150,1.50,paid,no,yes,no,static click-to-collect
/world/models/interior/light-cube2.glb,Light Cube2,interior,Buildings & Places,smallObject,keyword,0.436,solid (blocks movement),yes,150,1.50,paid,no,yes,no,static click-to-collect
/world/models/interior/light-desk.glb,Light Desk,interior,Buildings & Places,smallObject,keyword,0.436,solid (blocks movement),yes,150,1.50,paid,no,yes,no,static click-to-collect
/world/models/interior/light-floor1.glb,Light Floor1,interior,Buildings & Places,smallObject,keyword,0.436,solid (blocks movement),yes,150,1.50,paid,no,yes,no,static click-to-collect
/world/models/interior/light-floor2.glb,Light Floor2,interior,Buildings & Places,smallObject,keyword,0.436,solid (blocks movement),yes,150,1.50,paid,no,yes,no,static click-to-collect
/world/models/interior/light-floor3.glb,Light Floor3,interior,Buildings & Places,smallObject,keyword,0.436,solid (blocks movement),yes,150,1.50,paid,no,yes,no,static click-to-collect
/world/models/interior/light-floor4.glb,Light Floor4,interior,Buildings & Places,smallObject,keyword,0.436,solid (blocks movement),yes,150,1.50,paid,no,yes,no,static click-to-collect
/world/models/interior/light-icosahedron.glb,Light Icosahedron,interior,Buildings & Places,smallObject,keyword,0.436,solid (blocks movement),yes,150,1.50,paid,no,yes,no,static click-to-collect
/world/models/interior/light-icosahedron2.glb,Light Icosahedron2,interior,Buildings & Places,smallObject,keyword,0.436,solid (blocks movement),yes,150,1.50,paid,no,yes,no,static click-to-collect
/world/models/interior/light-small.glb,Light Small,interior,Buildings & Places,smallObject,keyword,0.436,solid (blocks movement),yes,150,1.50,paid,no,yes,no,static click-to-collect
/world/models/interior/light-stand1.glb,Light Stand1,interior,Buildings & Places,smallObject,keyword,0.436,solid (blocks movement),yes,150,1.50,paid,no,yes,no,static click-to-collect
/world/models/interior/light-stand2.glb,Light Stand2,interior,Buildings & Places,smallObject,keyword,0.436,solid (blocks movement),yes,150,1.50,paid,no,yes,no,static click-to-collect
/world/models/interior/night-stand-1.glb,Night Stand 1,interior,Buildings & Places,furniture,keyword,0.873,solid (blocks movement),yes,500,5.00,paid,no,no,no,"placed decoration only, not clickable"
/world/models/interior/night-stand-2.glb,Night Stand 2,interior,Buildings & Places,furniture,keyword,0.873,solid (blocks movement),yes,500,5.00,paid,no,no,no,"placed decoration only, not clickable"
/world/models/interior/night-stand-3.glb,Night Stand 3,interior,Buildings & Places,furniture,keyword,0.873,solid (blocks movement),yes,500,5.00,paid,no,no,no,"placed decoration only, not clickable"
/world/models/interior/plate-1.glb,Plate 1,interior,Buildings & Places,tiny,keyword,0.218,solid (blocks movement),yes,50,0.50,paid,no,yes,no,static click-to-collect
/world/models/interior/plate-2.glb,Plate 2,interior,Buildings & Places,tiny,keyword,0.218,solid (blocks movement),yes,50,0.50,paid,no,yes,no,static click-to-collect
/world/models/interior/plate-3.glb,Plate 3,interior,Buildings & Places,tiny,keyword,0.218,solid (blocks movement),yes,50,0.50,paid,no,yes,no,static click-to-collect
/world/models/interior/shelf-1.glb,Shelf 1,interior,Buildings & Places,furniture,keyword,0.873,solid (blocks movement),yes,500,5.00,paid,no,no,no,"placed decoration only, not clickable"
/world/models/interior/shelf-2.glb,Shelf 2,interior,Buildings & Places,furniture,keyword,0.873,solid (blocks movement),yes,500,5.00,paid,no,no,no,"placed decoration only, not clickable"
/world/models/interior/shelf-large.glb,Shelf Large,interior,Buildings & Places,furniture,keyword,0.873,solid (blocks movement),yes,500,5.00,paid,no,no,no,"placed decoration only, not clickable"
/world/models/interior/shelf-small1.glb,Shelf Small1,interior,Buildings & Places,furniture,keyword,0.873,solid (blocks movement),yes,500,5.00,paid,no,no,no,"placed decoration only, not clickable"
/world/models/interior/shelf-small2.glb,Shelf Small2,interior,Buildings & Places,furniture,keyword,0.873,solid (blocks movement),yes,500,5.00,paid,no,no,no,"placed decoration only, not clickable"
/world/models/interior/shelf-small3.glb,Shelf Small3,interior,Buildings & Places,furniture,keyword,0.873,solid (blocks movement),yes,500,5.00,paid,no,no,no,"placed decoration only, not clickable"
/world/models/interior/spoon.glb,Spoon,interior,Buildings & Places,tiny,keyword,0.218,solid (blocks movement),yes,50,0.50,paid,no,yes,no,static click-to-collect
/world/models/interior/standing-desk.glb,Standing Desk,interior,Buildings & Places,furniture,keyword,0.873,solid (blocks movement),yes,500,5.00,paid,no,no,no,"placed decoration only, not clickable"
/world/models/interior/stool.glb,Stool,interior,Buildings & Places,furniture,keyword,0.873,solid (blocks movement),yes,500,5.00,paid,no,no,no,"placed decoration only, not clickable"
/world/models/interior/table-round-large.glb,Table Round Large,interior,Buildings & Places,furniture,keyword,0.873,solid (blocks movement),yes,500,5.00,paid,no,no,no,"placed decoration only, not clickable"
/world/models/interior/table-round-small.glb,Table Round Small,interior,Buildings & Places,furniture,keyword,0.873,solid (blocks movement),yes,500,5.00,paid,no,no,no,"placed decoration only, not clickable"
/world/models/interior/table-round-small2.glb,Table Round Small2,interior,Buildings & Places,furniture,keyword,0.873,solid (blocks movement),yes,500,5.00,paid,no,no,no,"placed decoration only, not clickable"
/world/models/interior/trashcan-cylindric.glb,Trashcan Cylindric,interior,Buildings & Places,smallObject,keyword,0.436,solid (blocks movement),yes,150,1.50,paid,no,yes,no,static click-to-collect
/world/models/interior/trashcan-green.glb,Trashcan Green,interior,Buildings & Places,smallObject,keyword,0.436,solid (blocks movement),yes,150,1.50,paid,no,yes,no,static click-to-collect
/world/models/interior/trashcan-large.glb,Trashcan Large,interior,Buildings & Places,smallObject,keyword,0.436,solid (blocks movement),yes,150,1.50,paid,no,yes,no,static click-to-collect
/world/models/interior/trashcan-small1.glb,Trashcan Small1,interior,Buildings & Places,smallObject,keyword,0.436,solid (blocks movement),yes,150,1.50,paid,no,yes,no,static click-to-collect
/world/models/interior/trashcan-small2.glb,Trashcan Small2,interior,Buildings & Places,smallObject,keyword,0.436,solid (blocks movement),yes,150,1.50,paid,no,yes,no,static click-to-collect
/world/models/interior/window-large1.glb,Window Large1,interior,Buildings & Places,tallFurniture,keyword,1.745,solid (blocks movement),yes,0,0.00,free-starter (one per student — Sims4 lot-requirement precedent),no,no,no,"placed decoration only, not clickable"
/world/models/interior/window-large2.glb,Window Large2,interior,Buildings & Places,tallFurniture,keyword,1.745,solid (blocks movement),yes,0,0.00,free-starter (one per student — Sims4 lot-requirement precedent),no,no,no,"placed decoration only, not clickable"
/world/models/interior/window-round1.glb,Window Round1,interior,Buildings & Places,tallFurniture,keyword,1.745,solid (blocks movement),yes,0,0.00,free-starter (one per student — Sims4 lot-requirement precedent),no,no,no,"placed decoration only, not clickable"
/world/models/interior/window-round2.glb,Window Round2,interior,Buildings & Places,tallFurniture,keyword,1.745,solid (blocks movement),yes,0,0.00,free-starter (one per student — Sims4 lot-requirement precedent),no,no,no,"placed decoration only, not clickable"
/world/models/interior/window-round3.glb,Window Round3,interior,Buildings & Places,tallFurniture,keyword,1.745,solid (blocks movement),yes,0,0.00,free-starter (one per student — Sims4 lot-requirement precedent),no,no,no,"placed decoration only, not clickable"
/world/models/interior/window-small1.glb,Window Small1,interior,Buildings & Places,tallFurniture,keyword,1.745,solid (blocks movement),yes,0,0.00,free-starter (one per student — Sims4 lot-requirement precedent),no,no,no,"placed decoration only, not clickable"
/world/models/interior/window-small2.glb,Window Small2,interior,Buildings & Places,tallFurniture,keyword,1.745,solid (blocks movement),yes,0,0.00,free-starter (one per student — Sims4 lot-requirement precedent),no,no,no,"placed decoration only, not clickable"
/world/models/interior/window-small3.glb,Window Small3,interior,Buildings & Places,tallFurniture,keyword,1.745,solid (blocks movement),yes,0,0.00,free-starter (one per student — Sims4 lot-requirement precedent),no,no,no,"placed decoration only, not clickable"
/world/models/japan/Barrel.gltf,Barrel,japan,Seasonal & Themed,furniture,keyword,0.873,walkable (walk-through),yes,625,6.25,paid,no,no,no,"placed decoration only, not clickable"
/world/models/japan/Basket_L.gltf,Basket L,japan,Seasonal & Themed,smallObject,keyword,0.436,walkable (walk-through),yes,188,1.88,paid,no,yes,no,static click-to-collect
/world/models/japan/Basket_S.gltf,Basket S,japan,Seasonal & Themed,smallObject,keyword,0.436,walkable (walk-through),yes,188,1.88,paid,no,yes,no,static click-to-collect
/world/models/japan/Carrot_Orange.gltf,Carrot Orange,japan,Seasonal & Themed,tiny,keyword,0.218,walkable (walk-through),yes,63,0.63,paid,no,yes,no,static click-to-collect
/world/models/japan/CeremicPot.gltf,Ceremic Pot,japan,Seasonal & Themed,smallObject,keyword,0.436,walkable (walk-through),yes,188,1.88,paid,no,yes,no,static click-to-collect
/world/models/japan/Chair.gltf,Chair,japan,Seasonal & Themed,furniture,keyword,0.873,walkable (walk-through),yes,625,6.25,paid,no,no,no,"placed decoration only, not clickable"
/world/models/japan/Corn.gltf,Corn,japan,Seasonal & Themed,tiny,keyword,0.218,walkable (walk-through),yes,63,0.63,paid,no,yes,no,static click-to-collect
/world/models/japan/Fence_Wood.gltf,Fence Wood,japan,Seasonal & Themed,personScale,keyword,1.745,walkable (walk-through),yes,1000,10.00,paid,no,no,no,"placed decoration only, not clickable"
/world/models/japan/House_4x5.gltf,House 4x5,japan,Seasonal & Themed,largeStructure,keyword,7.853,solid (blocks movement),yes,4375,43.75,paid,no,no,no,"placed decoration only, not clickable"
/world/models/japan/Ladder.gltf,Ladder,japan,Seasonal & Themed,personScale,keyword,1.745,walkable (walk-through),yes,1000,10.00,paid,no,no,no,"placed decoration only, not clickable"
/world/models/japan/LogStorage.gltf,Log Storage,japan,Seasonal & Themed,personScale,category-fallback,4.363,walkable (walk-through),yes,1000,10.00,paid,no,no,no,"placed decoration only, not clickable"
/world/models/japan/Log_Cluster.gltf,Log Cluster,japan,Seasonal & Themed,personScale,category-fallback,4.363,walkable (walk-through),yes,1000,10.00,paid,no,no,no,"placed decoration only, not clickable"
/world/models/japan/Mallet.gltf,Mallet,japan,Seasonal & Themed,personScale,category-fallback,4.363,walkable (walk-through),yes,1000,10.00,paid,no,no,no,"placed decoration only, not clickable"
/world/models/japan/MarketStall_Table_Flat.gltf,Market Stall Table Flat,japan,Seasonal & Themed,furniture,keyword,0.873,walkable (walk-through),yes,625,6.25,paid,no,no,no,"placed decoration only, not clickable"
/world/models/japan/MarketStall_Table_SideTiered.gltf,Market Stall Table Side Tiered,japan,Seasonal & Themed,furniture,keyword,0.873,walkable (walk-through),yes,625,6.25,paid,no,no,no,"placed decoration only, not clickable"
/world/models/japan/MarketStall_Table_Tiered.gltf,Market Stall Table Tiered,japan,Seasonal & Themed,furniture,keyword,0.873,walkable (walk-through),yes,625,6.25,paid,no,no,no,"placed decoration only, not clickable"
/world/models/japan/MarketStall_Table_wSpace.gltf,Market Stall Table W Space,japan,Seasonal & Themed,furniture,keyword,0.873,walkable (walk-through),yes,625,6.25,paid,no,no,no,"placed decoration only, not clickable"
/world/models/japan/Potato.gltf,Potato,japan,Seasonal & Themed,tiny,keyword,0.218,walkable (walk-through),yes,63,0.63,paid,no,yes,no,static click-to-collect
/world/models/japan/RiceBin.gltf,Rice Bin,japan,Seasonal & Themed,smallObject,keyword,0.436,walkable (walk-through),yes,188,1.88,paid,no,yes,no,static click-to-collect
/world/models/japan/Road_Corner_Open.gltf,Road Corner Open,japan,Seasonal & Themed,personScale,category-fallback,4.363,walkable (walk-through),yes,1000,10.00,paid,no,no,no,"placed decoration only, not clickable"
/world/models/japan/Road_Cross.gltf,Road Cross,japan,Seasonal & Themed,personScale,category-fallback,4.363,walkable (walk-through),yes,1000,10.00,paid,no,no,no,"placed decoration only, not clickable"
/world/models/japan/Road_End_S.gltf,Road End S,japan,Seasonal & Themed,personScale,category-fallback,4.363,walkable (walk-through),yes,1000,10.00,paid,no,no,no,"placed decoration only, not clickable"
/world/models/japan/Sprout.gltf,Sprout,japan,Seasonal & Themed,personScale,category-fallback,4.363,walkable (walk-through),yes,1000,10.00,paid,no,no,no,"placed decoration only, not clickable"
/world/models/japan/StoneLantern.gltf,Stone Lantern,japan,Seasonal & Themed,personScale,category-fallback,4.363,walkable (walk-through),yes,1000,10.00,paid,no,no,no,"placed decoration only, not clickable"
/world/models/japan/Sweets_RiceDumpling_SoySauce.gltf,Sweets Rice Dumpling Soy Sauce,japan,Seasonal & Themed,personScale,category-fallback,4.363,walkable (walk-through),yes,1000,10.00,paid,no,no,no,"placed decoration only, not clickable"
/world/models/japan/Sweets_RiceDumpling_Spring.gltf,Sweets Rice Dumpling Spring,japan,Seasonal & Themed,personScale,category-fallback,4.363,walkable (walk-through),yes,1000,10.00,paid,no,no,no,"placed decoration only, not clickable"
/world/models/japan/Table_Circular.gltf,Table Circular,japan,Seasonal & Themed,furniture,keyword,0.873,walkable (walk-through),yes,625,6.25,paid,no,no,no,"placed decoration only, not clickable"
/world/models/japan/Tomato.gltf,Tomato,japan,Seasonal & Themed,tiny,keyword,0.218,walkable (walk-through),yes,63,0.63,paid,no,yes,no,static click-to-collect
/world/models/japan/ToriGate.gltf,Tori Gate,japan,Seasonal & Themed,personScale,category-fallback,4.363,walkable (walk-through),yes,1000,10.00,paid,no,no,no,"placed decoration only, not clickable"
/world/models/japan/Tree_RedPlum.gltf,Tree Red Plum,japan,Seasonal & Themed,personScale,category-fallback,4.363,walkable (walk-through),yes,1000,10.00,paid,no,no,no,"placed decoration only, not clickable"
/world/models/japan/WoodenBox.gltf,Wooden Box,japan,Seasonal & Themed,smallObject,keyword,0.436,walkable (walk-through),yes,188,1.88,paid,no,yes,no,static click-to-collect
/world/models/japan/WoodenBox_Stack.gltf,Wooden Box Stack,japan,Seasonal & Themed,smallObject,keyword,0.436,walkable (walk-through),yes,188,1.88,paid,no,yes,no,static click-to-collect
/world/models/japan/WoodenCrate_L.gltf,Wooden Crate L,japan,Seasonal & Themed,furniture,keyword,0.873,walkable (walk-through),yes,625,6.25,paid,no,no,no,"placed decoration only, not clickable"
/world/models/japan/WoodenCrate_S.gltf,Wooden Crate S,japan,Seasonal & Themed,furniture,keyword,0.873,walkable (walk-through),yes,625,6.25,paid,no,no,no,"placed decoration only, not clickable"
/world/models/market/shop_001_mechanical_cash_register.glb,Shop 001 Mechanical Cash Register,market,Buildings & Places,smallObject,keyword,0.436,solid (blocks movement),yes,150,1.50,paid,no,yes,yes,a visible checkout action needs new animation
/world/models/market/shop_002_glass_checkout_counter.glb,Shop 002 Glass Checkout Counter,market,Buildings & Places,smallObject,keyword,0.436,solid (blocks movement),yes,150,1.50,paid,no,yes,yes,a visible checkout action needs new animation
/world/models/market/shop_003_cash_drawer_coin_insert.glb,Shop 003 Cash Drawer Coin Insert,market,Buildings & Places,tiny,keyword,0.218,solid (blocks movement),yes,50,0.50,paid,no,yes,no,static click-to-collect
/world/models/market/shop_004_receipt_spike.glb,Shop 004 Receipt Spike,market,Buildings & Places,tiny,keyword,0.218,solid (blocks movement),yes,50,0.50,paid,no,yes,no,static click-to-collect
/world/models/market/shop_005_paper_shopping_bag.glb,Shop 005 Paper Shopping Bag,market,Buildings & Places,tiny,keyword,0.218,solid (blocks movement),yes,50,0.50,paid,no,yes,no,static click-to-collect
/world/models/market/stall-green.glb,Stall Green,market,Buildings & Places,smallStructure,keyword,5.235,solid (blocks movement),yes,2000,20.00,paid,no,no,no,"placed decoration only, not clickable"
/world/models/market/stall-red.glb,Stall Red,market,Buildings & Places,smallStructure,keyword,5.235,solid (blocks movement),yes,2000,20.00,paid,no,no,no,"placed decoration only, not clickable"
/world/models/market/stall.glb,Stall,market,Buildings & Places,smallStructure,keyword,5.235,solid (blocks movement),yes,2000,20.00,paid,no,no,no,"placed decoration only, not clickable"
/world/models/pets/animal-beaver.glb,Animal Beaver,pets,Nature & Animals,smallObject,category-fallback,1.047,walkable (walk-through),yes,375,3.75,paid,yes,yes,yes,"caretaking loop (feed/pet/play) — no animation clips exist in manifest today, real new production work"
/world/models/pets/animal-bee.glb,Animal Bee,pets,Nature & Animals,smallObject,category-fallback,1.047,walkable (walk-through),yes,375,3.75,paid,yes,yes,yes,"caretaking loop (feed/pet/play) — no animation clips exist in manifest today, real new production work"
/world/models/pets/animal-bunny.glb,Animal Bunny,pets,Nature & Animals,smallObject,category-fallback,1.047,walkable (walk-through),yes,375,3.75,paid,yes,yes,yes,"caretaking loop (feed/pet/play) — no animation clips exist in manifest today, real new production work"
/world/models/pets/animal-cat.glb,Animal Cat,pets,Nature & Animals,smallObject,category-fallback,1.047,walkable (walk-through),yes,375,3.75,paid,yes,yes,yes,"caretaking loop (feed/pet/play) — no animation clips exist in manifest today, real new production work"
/world/models/pets/animal-caterpillar.glb,Animal Caterpillar,pets,Nature & Animals,smallObject,category-fallback,1.047,walkable (walk-through),yes,375,3.75,paid,yes,yes,yes,"caretaking loop (feed/pet/play) — no animation clips exist in manifest today, real new production work"
/world/models/pets/animal-chick.glb,Animal Chick,pets,Nature & Animals,smallObject,category-fallback,1.047,walkable (walk-through),yes,375,3.75,paid,yes,yes,yes,"caretaking loop (feed/pet/play) — no animation clips exist in manifest today, real new production work"
/world/models/pets/animal-cow.glb,Animal Cow,pets,Nature & Animals,smallObject,category-fallback,1.047,walkable (walk-through),yes,375,3.75,paid,yes,yes,yes,"caretaking loop (feed/pet/play) — no animation clips exist in manifest today, real new production work"
/world/models/pets/animal-crab.glb,Animal Crab,pets,Nature & Animals,smallObject,category-fallback,1.047,walkable (walk-through),yes,375,3.75,paid,yes,yes,yes,"caretaking loop (feed/pet/play) — no animation clips exist in manifest today, real new production work"
/world/models/pets/animal-deer.glb,Animal Deer,pets,Nature & Animals,smallObject,category-fallback,1.047,walkable (walk-through),yes,375,3.75,paid,yes,yes,yes,"caretaking loop (feed/pet/play) — no animation clips exist in manifest today, real new production work"
/world/models/pets/animal-dog.glb,Animal Dog,pets,Nature & Animals,smallObject,category-fallback,1.047,walkable (walk-through),yes,375,3.75,paid,yes,yes,yes,"caretaking loop (feed/pet/play) — no animation clips exist in manifest today, real new production work"
/world/models/pets/animal-elephant.glb,Animal Elephant,pets,Nature & Animals,smallObject,category-fallback,1.047,walkable (walk-through),yes,375,3.75,paid,yes,yes,yes,"caretaking loop (feed/pet/play) — no animation clips exist in manifest today, real new production work"
/world/models/pets/animal-fish.glb,Animal Fish,pets,Nature & Animals,smallObject,category-fallback,1.047,walkable (walk-through),yes,375,3.75,paid,yes,yes,yes,"caretaking loop (feed/pet/play) — no animation clips exist in manifest today, real new production work"
/world/models/pets/animal-fox.glb,Animal Fox,pets,Nature & Animals,smallObject,category-fallback,1.047,walkable (walk-through),yes,375,3.75,paid,yes,yes,yes,"caretaking loop (feed/pet/play) — no animation clips exist in manifest today, real new production work"
/world/models/pets/animal-giraffe.glb,Animal Giraffe,pets,Nature & Animals,smallObject,category-fallback,1.047,walkable (walk-through),yes,375,3.75,paid,yes,yes,yes,"caretaking loop (feed/pet/play) — no animation clips exist in manifest today, real new production work"
/world/models/pets/animal-hog.glb,Animal Hog,pets,Nature & Animals,smallObject,category-fallback,1.047,walkable (walk-through),yes,375,3.75,paid,yes,yes,yes,"caretaking loop (feed/pet/play) — no animation clips exist in manifest today, real new production work"
/world/models/pets/animal-koala.glb,Animal Koala,pets,Nature & Animals,smallObject,category-fallback,1.047,walkable (walk-through),yes,375,3.75,paid,yes,yes,yes,"caretaking loop (feed/pet/play) — no animation clips exist in manifest today, real new production work"
/world/models/pets/animal-lion.glb,Animal Lion,pets,Nature & Animals,smallObject,category-fallback,1.047,walkable (walk-through),yes,375,3.75,paid,yes,yes,yes,"caretaking loop (feed/pet/play) — no animation clips exist in manifest today, real new production work"
/world/models/pets/animal-monkey.glb,Animal Monkey,pets,Nature & Animals,smallObject,category-fallback,1.047,walkable (walk-through),yes,375,3.75,paid,yes,yes,yes,"caretaking loop (feed/pet/play) — no animation clips exist in manifest today, real new production work"
/world/models/pets/animal-panda.glb,Animal Panda,pets,Nature & Animals,smallObject,category-fallback,1.047,walkable (walk-through),yes,375,3.75,paid,yes,yes,yes,"caretaking loop (feed/pet/play) — no animation clips exist in manifest today, real new production work"
/world/models/pets/animal-parrot.glb,Animal Parrot,pets,Nature & Animals,smallObject,category-fallback,1.047,walkable (walk-through),yes,375,3.75,paid,yes,yes,yes,"caretaking loop (feed/pet/play) — no animation clips exist in manifest today, real new production work"
/world/models/pets/animal-penguin.glb,Animal Penguin,pets,Nature & Animals,smallObject,category-fallback,1.047,walkable (walk-through),yes,375,3.75,paid,yes,yes,yes,"caretaking loop (feed/pet/play) — no animation clips exist in manifest today, real new production work"
/world/models/pets/animal-pig.glb,Animal Pig,pets,Nature & Animals,smallObject,category-fallback,1.047,walkable (walk-through),yes,375,3.75,paid,yes,yes,yes,"caretaking loop (feed/pet/play) — no animation clips exist in manifest today, real new production work"
/world/models/pets/animal-polar.glb,Animal Polar,pets,Nature & Animals,smallObject,category-fallback,1.047,walkable (walk-through),yes,375,3.75,paid,yes,yes,yes,"caretaking loop (feed/pet/play) — no animation clips exist in manifest today, real new production work"
/world/models/pets/animal-shiba-inu.glb,Animal Shiba Inu,pets,Nature & Animals,smallObject,category-fallback,1.047,walkable (walk-through),yes,375,3.75,paid,yes,yes,yes,"caretaking loop (feed/pet/play) — no animation clips exist in manifest today, real new production work"
/world/models/pets/animal-tiger.glb,Animal Tiger,pets,Nature & Animals,smallObject,category-fallback,1.047,walkable (walk-through),yes,375,3.75,paid,yes,yes,yes,"caretaking loop (feed/pet/play) — no animation clips exist in manifest today, real new production work"
/world/models/pirate/barrel.glb,Barrel,pirate,Seasonal & Themed,furniture,keyword,0.873,walkable (walk-through),yes,625,6.25,paid,no,no,no,"placed decoration only, not clickable"
/world/models/pirate/boat-row-large.glb,Boat Row Large,pirate,Seasonal & Themed,smallStructure,keyword,5.235,solid (blocks movement),yes,2500,25.00,paid,no,no,no,"placed decoration only, not clickable"
/world/models/pirate/boat-row-small.glb,Boat Row Small,pirate,Seasonal & Themed,furniture,keyword,0.873,walkable (walk-through),yes,625,6.25,paid,no,no,no,"placed decoration only, not clickable"
/world/models/pirate/bottle-large.glb,Bottle Large,pirate,Seasonal & Themed,tiny,keyword,0.218,walkable (walk-through),yes,63,0.63,paid,no,yes,no,static click-to-collect
/world/models/pirate/bottle.glb,Bottle,pirate,Seasonal & Themed,tiny,keyword,0.218,walkable (walk-through),yes,63,0.63,paid,no,yes,no,static click-to-collect
/world/models/pirate/castle-door.glb,Castle Door,pirate,Seasonal & Themed,tallFurniture,keyword,1.745,walkable (walk-through),yes,750,7.50,paid,no,no,no,"placed decoration only, not clickable"
/world/models/pirate/castle-gate.glb,Castle Gate,pirate,Seasonal & Themed,largeStructure,keyword,7.853,solid (blocks movement),yes,4375,43.75,paid,no,no,no,"placed decoration only, not clickable"
/world/models/pirate/castle-wall.glb,Castle Wall,pirate,Seasonal & Themed,largeStructure,keyword,7.853,solid (blocks movement),yes,4375,43.75,paid,no,no,no,"placed decoration only, not clickable"
/world/models/pirate/castle-window.glb,Castle Window,pirate,Seasonal & Themed,tallFurniture,keyword,1.745,walkable (walk-through),yes,750,7.50,paid,no,no,no,"placed decoration only, not clickable"
/world/models/pirate/chest.glb,Chest,pirate,Seasonal & Themed,furniture,keyword,0.873,walkable (walk-through),yes,625,6.25,paid,no,no,no,"placed decoration only, not clickable"
/world/models/pirate/crate-bottles.glb,Crate Bottles,pirate,Seasonal & Themed,furniture,keyword,0.873,walkable (walk-through),yes,625,6.25,paid,no,no,no,"placed decoration only, not clickable"
/world/models/pirate/crate.glb,Crate,pirate,Seasonal & Themed,furniture,keyword,0.873,walkable (walk-through),yes,625,6.25,paid,no,no,no,"placed decoration only, not clickable"
/world/models/pirate/flag-high-pennant.glb,Flag High Pennant,pirate,Seasonal & Themed,personScale,keyword,1.745,walkable (walk-through),yes,1000,10.00,paid,no,no,no,"placed decoration only, not clickable"
/world/models/pirate/flag-high.glb,Flag High,pirate,Seasonal & Themed,personScale,keyword,1.745,walkable (walk-through),yes,1000,10.00,paid,no,no,no,"placed decoration only, not clickable"
/world/models/pirate/flag-pennant.glb,Flag Pennant,pirate,Seasonal & Themed,personScale,keyword,1.745,walkable (walk-through),yes,1000,10.00,paid,no,no,no,"placed decoration only, not clickable"
/world/models/pirate/flag-pirate-high-pennant.glb,Flag Pirate High Pennant,pirate,Seasonal & Themed,personScale,keyword,1.745,walkable (walk-through),yes,1000,10.00,paid,no,no,no,"placed decoration only, not clickable"
/world/models/pirate/flag-pirate-high.glb,Flag Pirate High,pirate,Seasonal & Themed,personScale,keyword,1.745,walkable (walk-through),yes,1000,10.00,paid,no,no,no,"placed decoration only, not clickable"
/world/models/pirate/flag-pirate-pennant.glb,Flag Pirate Pennant,pirate,Seasonal & Themed,personScale,keyword,1.745,walkable (walk-through),yes,1000,10.00,paid,no,no,no,"placed decoration only, not clickable"
/world/models/pirate/flag-pirate.glb,Flag Pirate,pirate,Seasonal & Themed,personScale,keyword,1.745,walkable (walk-through),yes,1000,10.00,paid,no,no,no,"placed decoration only, not clickable"
/world/models/pirate/flag.glb,Flag,pirate,Seasonal & Themed,personScale,keyword,1.745,walkable (walk-through),yes,1000,10.00,paid,no,no,no,"placed decoration only, not clickable"
/world/models/pirate/grass-patch.glb,Grass Patch,pirate,Seasonal & Themed,personScale,category-fallback,2.618,walkable (walk-through),yes,1000,10.00,paid,no,no,no,"placed decoration only, not clickable"
/world/models/pirate/grass-plant.glb,Grass Plant,pirate,Seasonal & Themed,personScale,category-fallback,2.618,walkable (walk-through),yes,1000,10.00,paid,no,no,no,"placed decoration only, not clickable"
/world/models/pirate/grass.glb,Grass,pirate,Seasonal & Themed,personScale,category-fallback,2.618,walkable (walk-through),yes,1000,10.00,paid,no,no,no,"placed decoration only, not clickable"
/world/models/pirate/hole.glb,Hole,pirate,Seasonal & Themed,personScale,category-fallback,2.618,walkable (walk-through),yes,1000,10.00,paid,no,no,no,"placed decoration only, not clickable"
/world/models/pirate/mast-ropes.glb,Mast Ropes,pirate,Seasonal & Themed,personScale,category-fallback,2.618,walkable (walk-through),yes,1000,10.00,paid,no,no,no,"placed decoration only, not clickable"
/world/models/pirate/mast.glb,Mast,pirate,Seasonal & Themed,personScale,category-fallback,2.618,walkable (walk-through),yes,1000,10.00,paid,no,no,no,"placed decoration only, not clickable"
/world/models/pirate/palm-bend.glb,Palm Bend,pirate,Seasonal & Themed,personScale,category-fallback,2.618,walkable (walk-through),yes,1000,10.00,paid,no,no,no,"placed decoration only, not clickable"
/world/models/pirate/palm-detailed-bend.glb,Palm Detailed Bend,pirate,Seasonal & Themed,personScale,category-fallback,2.618,walkable (walk-through),yes,1000,10.00,paid,no,no,no,"placed decoration only, not clickable"
/world/models/pirate/palm-detailed-straight.glb,Palm Detailed Straight,pirate,Seasonal & Themed,personScale,category-fallback,2.618,walkable (walk-through),yes,1000,10.00,paid,no,no,no,"placed decoration only, not clickable"
/world/models/pirate/palm-straight.glb,Palm Straight,pirate,Seasonal & Themed,personScale,category-fallback,2.618,walkable (walk-through),yes,1000,10.00,paid,no,no,no,"placed decoration only, not clickable"
/world/models/pirate/patch-grass-foliage.glb,Patch Grass Foliage,pirate,Seasonal & Themed,personScale,category-fallback,2.618,walkable (walk-through),yes,1000,10.00,paid,no,no,no,"placed decoration only, not clickable"
/world/models/pirate/patch-grass.glb,Patch Grass,pirate,Seasonal & Themed,personScale,category-fallback,2.618,walkable (walk-through),yes,1000,10.00,paid,no,no,no,"placed decoration only, not clickable"
/world/models/pirate/patch-sand-foliage.glb,Patch Sand Foliage,pirate,Seasonal & Themed,personScale,category-fallback,2.618,walkable (walk-through),yes,1000,10.00,paid,no,no,no,"placed decoration only, not clickable"
/world/models/pirate/patch-sand.glb,Patch Sand,pirate,Seasonal & Themed,personScale,category-fallback,2.618,walkable (walk-through),yes,1000,10.00,paid,no,no,no,"placed decoration only, not clickable"
/world/models/pirate/platform-planks.glb,Platform Planks,pirate,Seasonal & Themed,personScale,category-fallback,2.618,walkable (walk-through),yes,1000,10.00,paid,no,no,no,"placed decoration only, not clickable"
/world/models/pirate/platform.glb,Platform,pirate,Seasonal & Themed,personScale,category-fallback,2.618,walkable (walk-through),yes,1000,10.00,paid,no,no,no,"placed decoration only, not clickable"
/world/models/pirate/rocks-a.glb,Rocks A,pirate,Seasonal & Themed,personScale,category-fallback,2.618,walkable (walk-through),yes,1000,10.00,paid,no,no,no,"placed decoration only, not clickable"
/world/models/pirate/rocks-b.glb,Rocks B,pirate,Seasonal & Themed,personScale,category-fallback,2.618,walkable (walk-through),yes,1000,10.00,paid,no,no,no,"placed decoration only, not clickable"
/world/models/pirate/rocks-c.glb,Rocks C,pirate,Seasonal & Themed,personScale,category-fallback,2.618,walkable (walk-through),yes,1000,10.00,paid,no,no,no,"placed decoration only, not clickable"
/world/models/pirate/rocks-sand-a.glb,Rocks Sand A,pirate,Seasonal & Themed,personScale,category-fallback,2.618,walkable (walk-through),yes,1000,10.00,paid,no,no,no,"placed decoration only, not clickable"
/world/models/pirate/rocks-sand-b.glb,Rocks Sand B,pirate,Seasonal & Themed,personScale,category-fallback,2.618,walkable (walk-through),yes,1000,10.00,paid,no,no,no,"placed decoration only, not clickable"
/world/models/pirate/rocks-sand-c.glb,Rocks Sand C,pirate,Seasonal & Themed,personScale,category-fallback,2.618,walkable (walk-through),yes,1000,10.00,paid,no,no,no,"placed decoration only, not clickable"
/world/models/pirate/ship-ghost.glb,Ship Ghost,pirate,Seasonal & Themed,personScale,category-fallback,2.618,walkable (walk-through),yes,1000,10.00,paid,no,no,no,"placed decoration only, not clickable"
/world/models/pirate/ship-large.glb,Ship Large,pirate,Seasonal & Themed,personScale,category-fallback,2.618,walkable (walk-through),yes,1000,10.00,paid,no,no,no,"placed decoration only, not clickable"
/world/models/pirate/ship-medium.glb,Ship Medium,pirate,Seasonal & Themed,personScale,category-fallback,2.618,walkable (walk-through),yes,1000,10.00,paid,no,no,no,"placed decoration only, not clickable"
/world/models/pirate/ship-pirate-large.glb,Ship Pirate Large,pirate,Seasonal & Themed,personScale,category-fallback,2.618,walkable (walk-through),yes,1000,10.00,paid,no,no,no,"placed decoration only, not clickable"
/world/models/pirate/ship-pirate-medium.glb,Ship Pirate Medium,pirate,Seasonal & Themed,personScale,category-fallback,2.618,walkable (walk-through),yes,1000,10.00,paid,no,no,no,"placed decoration only, not clickable"
/world/models/pirate/ship-pirate-small.glb,Ship Pirate Small,pirate,Seasonal & Themed,personScale,category-fallback,2.618,walkable (walk-through),yes,1000,10.00,paid,no,no,no,"placed decoration only, not clickable"
/world/models/pirate/ship-small.glb,Ship Small,pirate,Seasonal & Themed,personScale,category-fallback,2.618,walkable (walk-through),yes,1000,10.00,paid,no,no,no,"placed decoration only, not clickable"
/world/models/pirate/ship-wreck.glb,Ship Wreck,pirate,Seasonal & Themed,personScale,category-fallback,2.618,walkable (walk-through),yes,1000,10.00,paid,no,no,no,"placed decoration only, not clickable"
/world/models/pirate/structure-fence-sides.glb,Structure Fence Sides,pirate,Seasonal & Themed,personScale,keyword,1.745,walkable (walk-through),yes,1000,10.00,paid,no,no,no,"placed decoration only, not clickable"
/world/models/pirate/structure-fence.glb,Structure Fence,pirate,Seasonal & Themed,personScale,keyword,1.745,walkable (walk-through),yes,1000,10.00,paid,no,no,no,"placed decoration only, not clickable"
/world/models/pirate/structure-platform-dock-small.glb,Structure Platform Dock Small,pirate,Seasonal & Themed,personScale,category-fallback,2.618,walkable (walk-through),yes,1000,10.00,paid,no,no,no,"placed decoration only, not clickable"
/world/models/pirate/structure-platform-dock.glb,Structure Platform Dock,pirate,Seasonal & Themed,personScale,category-fallback,2.618,walkable (walk-through),yes,1000,10.00,paid,no,no,no,"placed decoration only, not clickable"
/world/models/pirate/structure-platform-small.glb,Structure Platform Small,pirate,Seasonal & Themed,personScale,category-fallback,2.618,walkable (walk-through),yes,1000,10.00,paid,no,no,no,"placed decoration only, not clickable"
/world/models/pirate/structure-platform.glb,Structure Platform,pirate,Seasonal & Themed,personScale,category-fallback,2.618,walkable (walk-through),yes,1000,10.00,paid,no,no,no,"placed decoration only, not clickable"
/world/models/pirate/structure-roof.glb,Structure Roof,pirate,Seasonal & Themed,furniture,keyword,0.873,walkable (walk-through),yes,625,6.25,paid,no,no,no,"placed decoration only, not clickable"
/world/models/pirate/structure.glb,Structure,pirate,Seasonal & Themed,personScale,category-fallback,2.618,walkable (walk-through),yes,1000,10.00,paid,no,no,no,"placed decoration only, not clickable"
/world/models/pirate/tool-paddle.glb,Tool Paddle,pirate,Seasonal & Themed,personScale,category-fallback,2.618,walkable (walk-through),yes,1000,10.00,paid,no,no,no,"placed decoration only, not clickable"
/world/models/pirate/tool-shovel.glb,Tool Shovel,pirate,Seasonal & Themed,personScale,category-fallback,2.618,walkable (walk-through),yes,1000,10.00,paid,no,no,no,"placed decoration only, not clickable"
/world/models/pirate/tower-base-door.glb,Tower Base Door,pirate,Seasonal & Themed,tallFurniture,keyword,1.745,walkable (walk-through),yes,750,7.50,paid,no,no,no,"placed decoration only, not clickable"
/world/models/pirate/tower-base.glb,Tower Base,pirate,Seasonal & Themed,personScale,category-fallback,2.618,walkable (walk-through),yes,1000,10.00,paid,no,no,no,"placed decoration only, not clickable"
/world/models/pirate/tower-complete-large.glb,Tower Complete Large,pirate,Seasonal & Themed,personScale,category-fallback,2.618,walkable (walk-through),yes,1000,10.00,paid,no,no,no,"placed decoration only, not clickable"
/world/models/pirate/tower-complete-small.glb,Tower Complete Small,pirate,Seasonal & Themed,personScale,category-fallback,2.618,walkable (walk-through),yes,1000,10.00,paid,no,no,no,"placed decoration only, not clickable"
/world/models/pirate/tower-middle-windows.glb,Tower Middle Windows,pirate,Seasonal & Themed,tallFurniture,keyword,1.745,walkable (walk-through),yes,750,7.50,paid,no,no,no,"placed decoration only, not clickable"
/world/models/pirate/tower-middle.glb,Tower Middle,pirate,Seasonal & Themed,personScale,category-fallback,2.618,walkable (walk-through),yes,1000,10.00,paid,no,no,no,"placed decoration only, not clickable"
/world/models/pirate/tower-roof.glb,Tower Roof,pirate,Seasonal & Themed,furniture,keyword,0.873,walkable (walk-through),yes,625,6.25,paid,no,no,no,"placed decoration only, not clickable"
/world/models/pirate/tower-top.glb,Tower Top,pirate,Seasonal & Themed,personScale,category-fallback,2.618,walkable (walk-through),yes,1000,10.00,paid,no,no,no,"placed decoration only, not clickable"
/world/models/pirate/tower-watch.glb,Tower Watch,pirate,Seasonal & Themed,personScale,category-fallback,2.618,walkable (walk-through),yes,1000,10.00,paid,no,no,no,"placed decoration only, not clickable"
/world/models/platformer/barrel.glb,Barrel,platformer,Seasonal & Themed,furniture,keyword,0.873,walkable (walk-through),no (level-geometry/greybox — not a collectible),,,excluded,no,no,no,"placed decoration only, not clickable"
/world/models/platformer/block-grass-corner-low.glb,Block Grass Corner Low,platformer,Seasonal & Themed,furniture,category-fallback,1.745,walkable (walk-through),no (level-geometry/greybox — not a collectible),,,excluded,no,no,no,"placed decoration only, not clickable"
/world/models/platformer/block-grass-corner-overhang-low.glb,Block Grass Corner Overhang Low,platformer,Seasonal & Themed,furniture,category-fallback,1.745,walkable (walk-through),no (level-geometry/greybox — not a collectible),,,excluded,no,no,no,"placed decoration only, not clickable"
/world/models/platformer/block-grass-corner-overhang.glb,Block Grass Corner Overhang,platformer,Seasonal & Themed,furniture,category-fallback,1.745,walkable (walk-through),no (level-geometry/greybox — not a collectible),,,excluded,no,no,no,"placed decoration only, not clickable"
/world/models/platformer/block-grass-corner.glb,Block Grass Corner,platformer,Seasonal & Themed,furniture,category-fallback,1.745,walkable (walk-through),no (level-geometry/greybox — not a collectible),,,excluded,no,no,no,"placed decoration only, not clickable"
/world/models/platformer/block-grass-curve-half.glb,Block Grass Curve Half,platformer,Seasonal & Themed,furniture,category-fallback,1.745,walkable (walk-through),no (level-geometry/greybox — not a collectible),,,excluded,no,no,no,"placed decoration only, not clickable"
/world/models/platformer/block-grass-curve-low.glb,Block Grass Curve Low,platformer,Seasonal & Themed,furniture,category-fallback,1.745,walkable (walk-through),no (level-geometry/greybox — not a collectible),,,excluded,no,no,no,"placed decoration only, not clickable"
/world/models/platformer/block-grass-curve.glb,Block Grass Curve,platformer,Seasonal & Themed,furniture,category-fallback,1.745,walkable (walk-through),no (level-geometry/greybox — not a collectible),,,excluded,no,no,no,"placed decoration only, not clickable"
/world/models/platformer/block-grass-edge.glb,Block Grass Edge,platformer,Seasonal & Themed,furniture,category-fallback,1.745,walkable (walk-through),no (level-geometry/greybox — not a collectible),,,excluded,no,no,no,"placed decoration only, not clickable"
/world/models/platformer/block-grass-hexagon.glb,Block Grass Hexagon,platformer,Seasonal & Themed,furniture,category-fallback,1.745,walkable (walk-through),no (level-geometry/greybox — not a collectible),,,excluded,no,no,no,"placed decoration only, not clickable"
/world/models/platformer/block-grass-large-slope-narrow.glb,Block Grass Large Slope Narrow,platformer,Seasonal & Themed,furniture,category-fallback,1.745,walkable (walk-through),no (level-geometry/greybox — not a collectible),,,excluded,no,no,no,"placed decoration only, not clickable"
/world/models/platformer/block-grass-large-slope-steep-narrow.glb,Block Grass Large Slope Steep Narrow,platformer,Seasonal & Themed,furniture,category-fallback,1.745,walkable (walk-through),no (level-geometry/greybox — not a collectible),,,excluded,no,no,no,"placed decoration only, not clickable"
/world/models/platformer/block-grass-large-slope-steep.glb,Block Grass Large Slope Steep,platformer,Seasonal & Themed,furniture,category-fallback,1.745,walkable (walk-through),no (level-geometry/greybox — not a collectible),,,excluded,no,no,no,"placed decoration only, not clickable"
/world/models/platformer/block-grass-large-slope.glb,Block Grass Large Slope,platformer,Seasonal & Themed,furniture,category-fallback,1.745,walkable (walk-through),no (level-geometry/greybox — not a collectible),,,excluded,no,no,no,"placed decoration only, not clickable"
/world/models/platformer/block-grass-large-tall.glb,Block Grass Large Tall,platformer,Seasonal & Themed,furniture,category-fallback,1.745,walkable (walk-through),no (level-geometry/greybox — not a collectible),,,excluded,no,no,no,"placed decoration only, not clickable"
/world/models/platformer/block-grass-large.glb,Block Grass Large,platformer,Seasonal & Themed,furniture,category-fallback,1.745,walkable (walk-through),no (level-geometry/greybox — not a collectible),,,excluded,no,no,no,"placed decoration only, not clickable"
/world/models/platformer/block-grass-long.glb,Block Grass Long,platformer,Seasonal & Themed,furniture,category-fallback,1.745,walkable (walk-through),no (level-geometry/greybox — not a collectible),,,excluded,no,no,no,"placed decoration only, not clickable"
/world/models/platformer/block-grass-low-hexagon.glb,Block Grass Low Hexagon,platformer,Seasonal & Themed,furniture,category-fallback,1.745,walkable (walk-through),no (level-geometry/greybox — not a collectible),,,excluded,no,no,no,"placed decoration only, not clickable"
/world/models/platformer/block-grass-low-large.glb,Block Grass Low Large,platformer,Seasonal & Themed,furniture,category-fallback,1.745,walkable (walk-through),no (level-geometry/greybox — not a collectible),,,excluded,no,no,no,"placed decoration only, not clickable"
/world/models/platformer/block-grass-low-long.glb,Block Grass Low Long,platformer,Seasonal & Themed,furniture,category-fallback,1.745,walkable (walk-through),no (level-geometry/greybox — not a collectible),,,excluded,no,no,no,"placed decoration only, not clickable"
/world/models/platformer/block-grass-low-narrow.glb,Block Grass Low Narrow,platformer,Seasonal & Themed,furniture,category-fallback,1.745,walkable (walk-through),no (level-geometry/greybox — not a collectible),,,excluded,no,no,no,"placed decoration only, not clickable"
/world/models/platformer/block-grass-low.glb,Block Grass Low,platformer,Seasonal & Themed,furniture,category-fallback,1.745,walkable (walk-through),no (level-geometry/greybox — not a collectible),,,excluded,no,no,no,"placed decoration only, not clickable"
/world/models/platformer/block-grass-narrow.glb,Block Grass Narrow,platformer,Seasonal & Themed,furniture,category-fallback,1.745,walkable (walk-through),no (level-geometry/greybox — not a collectible),,,excluded,no,no,no,"placed decoration only, not clickable"
/world/models/platformer/block-grass-overhang-corner.glb,Block Grass Overhang Corner,platformer,Seasonal & Themed,furniture,category-fallback,1.745,walkable (walk-through),no (level-geometry/greybox — not a collectible),,,excluded,no,no,no,"placed decoration only, not clickable"
/world/models/platformer/block-grass-overhang-edge.glb,Block Grass Overhang Edge,platformer,Seasonal & Themed,furniture,category-fallback,1.745,walkable (walk-through),no (level-geometry/greybox — not a collectible),,,excluded,no,no,no,"placed decoration only, not clickable"
/world/models/platformer/block-grass-overhang-hexagon.glb,Block Grass Overhang Hexagon,platformer,Seasonal & Themed,furniture,category-fallback,1.745,walkable (walk-through),no (level-geometry/greybox — not a collectible),,,excluded,no,no,no,"placed decoration only, not clickable"
/world/models/platformer/block-grass-overhang-large-slope-narrow.glb,Block Grass Overhang Large Slope Narrow,platformer,Seasonal & Themed,furniture,category-fallback,1.745,walkable (walk-through),no (level-geometry/greybox — not a collectible),,,excluded,no,no,no,"placed decoration only, not clickable"
/world/models/platformer/block-grass-overhang-large-slope-steep-narrow.glb,Block Grass Overhang Large Slope Steep Narrow,platformer,Seasonal & Themed,furniture,category-fallback,1.745,walkable (walk-through),no (level-geometry/greybox — not a collectible),,,excluded,no,no,no,"placed decoration only, not clickable"
/world/models/platformer/block-grass-overhang-large-slope-steep.glb,Block Grass Overhang Large Slope Steep,platformer,Seasonal & Themed,furniture,category-fallback,1.745,walkable (walk-through),no (level-geometry/greybox — not a collectible),,,excluded,no,no,no,"placed decoration only, not clickable"
/world/models/platformer/block-grass-overhang-large-slope.glb,Block Grass Overhang Large Slope,platformer,Seasonal & Themed,furniture,category-fallback,1.745,walkable (walk-through),no (level-geometry/greybox — not a collectible),,,excluded,no,no,no,"placed decoration only, not clickable"
/world/models/platformer/block-grass-overhang-large-tall.glb,Block Grass Overhang Large Tall,platformer,Seasonal & Themed,furniture,category-fallback,1.745,walkable (walk-through),no (level-geometry/greybox — not a collectible),,,excluded,no,no,no,"placed decoration only, not clickable"
/world/models/platformer/block-grass-overhang-large.glb,Block Grass Overhang Large,platformer,Seasonal & Themed,furniture,category-fallback,1.745,walkable (walk-through),no (level-geometry/greybox — not a collectible),,,excluded,no,no,no,"placed decoration only, not clickable"
/world/models/platformer/block-grass-overhang-long.glb,Block Grass Overhang Long,platformer,Seasonal & Themed,furniture,category-fallback,1.745,walkable (walk-through),no (level-geometry/greybox — not a collectible),,,excluded,no,no,no,"placed decoration only, not clickable"
/world/models/platformer/block-grass-overhang-low-hexagon.glb,Block Grass Overhang Low Hexagon,platformer,Seasonal & Themed,furniture,category-fallback,1.745,walkable (walk-through),no (level-geometry/greybox — not a collectible),,,excluded,no,no,no,"placed decoration only, not clickable"
/world/models/platformer/block-grass-overhang-low-large.glb,Block Grass Overhang Low Large,platformer,Seasonal & Themed,furniture,category-fallback,1.745,walkable (walk-through),no (level-geometry/greybox — not a collectible),,,excluded,no,no,no,"placed decoration only, not clickable"
/world/models/platformer/block-grass-overhang-low-long.glb,Block Grass Overhang Low Long,platformer,Seasonal & Themed,furniture,category-fallback,1.745,walkable (walk-through),no (level-geometry/greybox — not a collectible),,,excluded,no,no,no,"placed decoration only, not clickable"
/world/models/platformer/block-grass-overhang-low-narrow.glb,Block Grass Overhang Low Narrow,platformer,Seasonal & Themed,furniture,category-fallback,1.745,walkable (walk-through),no (level-geometry/greybox — not a collectible),,,excluded,no,no,no,"placed decoration only, not clickable"
/world/models/platformer/block-grass-overhang-low.glb,Block Grass Overhang Low,platformer,Seasonal & Themed,furniture,category-fallback,1.745,walkable (walk-through),no (level-geometry/greybox — not a collectible),,,excluded,no,no,no,"placed decoration only, not clickable"
/world/models/platformer/block-grass-overhang-narrow.glb,Block Grass Overhang Narrow,platformer,Seasonal & Themed,furniture,category-fallback,1.745,walkable (walk-through),no (level-geometry/greybox — not a collectible),,,excluded,no,no,no,"placed decoration only, not clickable"
/world/models/platformer/block-grass.glb,Block Grass,platformer,Seasonal & Themed,furniture,category-fallback,1.745,walkable (walk-through),no (level-geometry/greybox — not a collectible),,,excluded,no,no,no,"placed decoration only, not clickable"
/world/models/platformer/block-moving-blue.glb,Block Moving Blue,platformer,Seasonal & Themed,furniture,category-fallback,1.745,walkable (walk-through),no (level-geometry/greybox — not a collectible),,,excluded,no,no,no,"placed decoration only, not clickable"
/world/models/platformer/block-moving-large.glb,Block Moving Large,platformer,Seasonal & Themed,furniture,category-fallback,1.745,walkable (walk-through),no (level-geometry/greybox — not a collectible),,,excluded,no,no,no,"placed decoration only, not clickable"
/world/models/platformer/block-moving.glb,Block Moving,platformer,Seasonal & Themed,furniture,category-fallback,1.745,walkable (walk-through),no (level-geometry/greybox — not a collectible),,,excluded,no,no,no,"placed decoration only, not clickable"
/world/models/platformer/block-snow-corner-low.glb,Block Snow Corner Low,platformer,Seasonal & Themed,furniture,category-fallback,1.745,walkable (walk-through),no (level-geometry/greybox — not a collectible),,,excluded,no,no,no,"placed decoration only, not clickable"
/world/models/platformer/block-snow-corner-overhang-low.glb,Block Snow Corner Overhang Low,platformer,Seasonal & Themed,furniture,category-fallback,1.745,walkable (walk-through),no (level-geometry/greybox — not a collectible),,,excluded,no,no,no,"placed decoration only, not clickable"
/world/models/platformer/block-snow-corner-overhang.glb,Block Snow Corner Overhang,platformer,Seasonal & Themed,furniture,category-fallback,1.745,walkable (walk-through),no (level-geometry/greybox — not a collectible),,,excluded,no,no,no,"placed decoration only, not clickable"
/world/models/platformer/block-snow-corner.glb,Block Snow Corner,platformer,Seasonal & Themed,furniture,category-fallback,1.745,walkable (walk-through),no (level-geometry/greybox — not a collectible),,,excluded,no,no,no,"placed decoration only, not clickable"
/world/models/platformer/block-snow-curve-half.glb,Block Snow Curve Half,platformer,Seasonal & Themed,furniture,category-fallback,1.745,walkable (walk-through),no (level-geometry/greybox — not a collectible),,,excluded,no,no,no,"placed decoration only, not clickable"
/world/models/platformer/block-snow-curve-low.glb,Block Snow Curve Low,platformer,Seasonal & Themed,furniture,category-fallback,1.745,walkable (walk-through),no (level-geometry/greybox — not a collectible),,,excluded,no,no,no,"placed decoration only, not clickable"
/world/models/platformer/block-snow-curve.glb,Block Snow Curve,platformer,Seasonal & Themed,furniture,category-fallback,1.745,walkable (walk-through),no (level-geometry/greybox — not a collectible),,,excluded,no,no,no,"placed decoration only, not clickable"
/world/models/platformer/block-snow-edge.glb,Block Snow Edge,platformer,Seasonal & Themed,furniture,category-fallback,1.745,walkable (walk-through),no (level-geometry/greybox — not a collectible),,,excluded,no,no,no,"placed decoration only, not clickable"
/world/models/platformer/block-snow-hexagon.glb,Block Snow Hexagon,platformer,Seasonal & Themed,furniture,category-fallback,1.745,walkable (walk-through),no (level-geometry/greybox — not a collectible),,,excluded,no,no,no,"placed decoration only, not clickable"
/world/models/platformer/block-snow-large-slope-narrow.glb,Block Snow Large Slope Narrow,platformer,Seasonal & Themed,furniture,category-fallback,1.745,walkable (walk-through),no (level-geometry/greybox — not a collectible),,,excluded,no,no,no,"placed decoration only, not clickable"
/world/models/platformer/block-snow-large-slope-steep-narrow.glb,Block Snow Large Slope Steep Narrow,platformer,Seasonal & Themed,furniture,category-fallback,1.745,walkable (walk-through),no (level-geometry/greybox — not a collectible),,,excluded,no,no,no,"placed decoration only, not clickable"
/world/models/platformer/block-snow-large-slope-steep.glb,Block Snow Large Slope Steep,platformer,Seasonal & Themed,furniture,category-fallback,1.745,walkable (walk-through),no (level-geometry/greybox — not a collectible),,,excluded,no,no,no,"placed decoration only, not clickable"
/world/models/platformer/block-snow-large-slope.glb,Block Snow Large Slope,platformer,Seasonal & Themed,furniture,category-fallback,1.745,walkable (walk-through),no (level-geometry/greybox — not a collectible),,,excluded,no,no,no,"placed decoration only, not clickable"
/world/models/platformer/block-snow-large-tall.glb,Block Snow Large Tall,platformer,Seasonal & Themed,furniture,category-fallback,1.745,walkable (walk-through),no (level-geometry/greybox — not a collectible),,,excluded,no,no,no,"placed decoration only, not clickable"
/world/models/platformer/block-snow-large.glb,Block Snow Large,platformer,Seasonal & Themed,furniture,category-fallback,1.745,walkable (walk-through),no (level-geometry/greybox — not a collectible),,,excluded,no,no,no,"placed decoration only, not clickable"
/world/models/platformer/block-snow-long.glb,Block Snow Long,platformer,Seasonal & Themed,furniture,category-fallback,1.745,walkable (walk-through),no (level-geometry/greybox — not a collectible),,,excluded,no,no,no,"placed decoration only, not clickable"
/world/models/platformer/block-snow-low-hexagon.glb,Block Snow Low Hexagon,platformer,Seasonal & Themed,furniture,category-fallback,1.745,walkable (walk-through),no (level-geometry/greybox — not a collectible),,,excluded,no,no,no,"placed decoration only, not clickable"
/world/models/platformer/block-snow-low-large.glb,Block Snow Low Large,platformer,Seasonal & Themed,furniture,category-fallback,1.745,walkable (walk-through),no (level-geometry/greybox — not a collectible),,,excluded,no,no,no,"placed decoration only, not clickable"
/world/models/platformer/block-snow-low-long.glb,Block Snow Low Long,platformer,Seasonal & Themed,furniture,category-fallback,1.745,walkable (walk-through),no (level-geometry/greybox — not a collectible),,,excluded,no,no,no,"placed decoration only, not clickable"
/world/models/platformer/block-snow-low-narrow.glb,Block Snow Low Narrow,platformer,Seasonal & Themed,furniture,category-fallback,1.745,walkable (walk-through),no (level-geometry/greybox — not a collectible),,,excluded,no,no,no,"placed decoration only, not clickable"
/world/models/platformer/block-snow-low.glb,Block Snow Low,platformer,Seasonal & Themed,furniture,category-fallback,1.745,walkable (walk-through),no (level-geometry/greybox — not a collectible),,,excluded,no,no,no,"placed decoration only, not clickable"
/world/models/platformer/block-snow-narrow.glb,Block Snow Narrow,platformer,Seasonal & Themed,furniture,category-fallback,1.745,walkable (walk-through),no (level-geometry/greybox — not a collectible),,,excluded,no,no,no,"placed decoration only, not clickable"
/world/models/platformer/block-snow-overhang-corner.glb,Block Snow Overhang Corner,platformer,Seasonal & Themed,furniture,category-fallback,1.745,walkable (walk-through),no (level-geometry/greybox — not a collectible),,,excluded,no,no,no,"placed decoration only, not clickable"
/world/models/platformer/block-snow-overhang-edge.glb,Block Snow Overhang Edge,platformer,Seasonal & Themed,furniture,category-fallback,1.745,walkable (walk-through),no (level-geometry/greybox — not a collectible),,,excluded,no,no,no,"placed decoration only, not clickable"
/world/models/platformer/block-snow-overhang-hexagon.glb,Block Snow Overhang Hexagon,platformer,Seasonal & Themed,furniture,category-fallback,1.745,walkable (walk-through),no (level-geometry/greybox — not a collectible),,,excluded,no,no,no,"placed decoration only, not clickable"
/world/models/platformer/block-snow-overhang-large-slope-narrow.glb,Block Snow Overhang Large Slope Narrow,platformer,Seasonal & Themed,furniture,category-fallback,1.745,walkable (walk-through),no (level-geometry/greybox — not a collectible),,,excluded,no,no,no,"placed decoration only, not clickable"
/world/models/platformer/block-snow-overhang-large-slope-steep-narrow.glb,Block Snow Overhang Large Slope Steep Narrow,platformer,Seasonal & Themed,furniture,category-fallback,1.745,walkable (walk-through),no (level-geometry/greybox — not a collectible),,,excluded,no,no,no,"placed decoration only, not clickable"
/world/models/platformer/block-snow-overhang-large-slope-steep.glb,Block Snow Overhang Large Slope Steep,platformer,Seasonal & Themed,furniture,category-fallback,1.745,walkable (walk-through),no (level-geometry/greybox — not a collectible),,,excluded,no,no,no,"placed decoration only, not clickable"
/world/models/platformer/block-snow-overhang-large-slope.glb,Block Snow Overhang Large Slope,platformer,Seasonal & Themed,furniture,category-fallback,1.745,walkable (walk-through),no (level-geometry/greybox — not a collectible),,,excluded,no,no,no,"placed decoration only, not clickable"
/world/models/platformer/block-snow-overhang-large-tall.glb,Block Snow Overhang Large Tall,platformer,Seasonal & Themed,furniture,category-fallback,1.745,walkable (walk-through),no (level-geometry/greybox — not a collectible),,,excluded,no,no,no,"placed decoration only, not clickable"
/world/models/platformer/block-snow-overhang-large.glb,Block Snow Overhang Large,platformer,Seasonal & Themed,furniture,category-fallback,1.745,walkable (walk-through),no (level-geometry/greybox — not a collectible),,,excluded,no,no,no,"placed decoration only, not clickable"
/world/models/platformer/block-snow-overhang-long.glb,Block Snow Overhang Long,platformer,Seasonal & Themed,furniture,category-fallback,1.745,walkable (walk-through),no (level-geometry/greybox — not a collectible),,,excluded,no,no,no,"placed decoration only, not clickable"
/world/models/platformer/block-snow-overhang-low-hexagon.glb,Block Snow Overhang Low Hexagon,platformer,Seasonal & Themed,furniture,category-fallback,1.745,walkable (walk-through),no (level-geometry/greybox — not a collectible),,,excluded,no,no,no,"placed decoration only, not clickable"
/world/models/platformer/block-snow-overhang-low-large.glb,Block Snow Overhang Low Large,platformer,Seasonal & Themed,furniture,category-fallback,1.745,walkable (walk-through),no (level-geometry/greybox — not a collectible),,,excluded,no,no,no,"placed decoration only, not clickable"
/world/models/platformer/block-snow-overhang-low-long.glb,Block Snow Overhang Low Long,platformer,Seasonal & Themed,furniture,category-fallback,1.745,walkable (walk-through),no (level-geometry/greybox — not a collectible),,,excluded,no,no,no,"placed decoration only, not clickable"
/world/models/platformer/block-snow-overhang-low-narrow.glb,Block Snow Overhang Low Narrow,platformer,Seasonal & Themed,furniture,category-fallback,1.745,walkable (walk-through),no (level-geometry/greybox — not a collectible),,,excluded,no,no,no,"placed decoration only, not clickable"
/world/models/platformer/block-snow-overhang-low.glb,Block Snow Overhang Low,platformer,Seasonal & Themed,furniture,category-fallback,1.745,walkable (walk-through),no (level-geometry/greybox — not a collectible),,,excluded,no,no,no,"placed decoration only, not clickable"
/world/models/platformer/block-snow-overhang-narrow.glb,Block Snow Overhang Narrow,platformer,Seasonal & Themed,furniture,category-fallback,1.745,walkable (walk-through),no (level-geometry/greybox — not a collectible),,,excluded,no,no,no,"placed decoration only, not clickable"
/world/models/platformer/block-snow.glb,Block Snow,platformer,Seasonal & Themed,furniture,category-fallback,1.745,walkable (walk-through),no (level-geometry/greybox — not a collectible),,,excluded,no,no,no,"placed decoration only, not clickable"
/world/models/platformer/brick.glb,Brick,platformer,Seasonal & Themed,furniture,category-fallback,1.745,walkable (walk-through),no (level-geometry/greybox — not a collectible),,,excluded,no,no,no,"placed decoration only, not clickable"
/world/models/platformer/button-round.glb,Button Round,platformer,Seasonal & Themed,furniture,category-fallback,1.745,walkable (walk-through),no (level-geometry/greybox — not a collectible),,,excluded,no,no,no,"placed decoration only, not clickable"
/world/models/platformer/button-square.glb,Button Square,platformer,Seasonal & Themed,furniture,category-fallback,1.745,walkable (walk-through),no (level-geometry/greybox — not a collectible),,,excluded,no,no,no,"placed decoration only, not clickable"
/world/models/platformer/character-oobi.glb,Character Oobi,platformer,Seasonal & Themed,furniture,category-fallback,1.745,walkable (walk-through),no (level-geometry/greybox — not a collectible),,,excluded,no,no,no,"placed decoration only, not clickable"
/world/models/platformer/character-oodi.glb,Character Oodi,platformer,Seasonal & Themed,furniture,category-fallback,1.745,walkable (walk-through),no (level-geometry/greybox — not a collectible),,,excluded,no,no,no,"placed decoration only, not clickable"
/world/models/platformer/character-ooli.glb,Character Ooli,platformer,Seasonal & Themed,furniture,category-fallback,1.745,walkable (walk-through),no (level-geometry/greybox — not a collectible),,,excluded,no,no,no,"placed decoration only, not clickable"
/world/models/platformer/character-oopi.glb,Character Oopi,platformer,Seasonal & Themed,furniture,category-fallback,1.745,walkable (walk-through),no (level-geometry/greybox — not a collectible),,,excluded,no,no,no,"placed decoration only, not clickable"
/world/models/platformer/character-oozi.glb,Character Oozi,platformer,Seasonal & Themed,furniture,category-fallback,1.745,walkable (walk-through),no (level-geometry/greybox — not a collectible),,,excluded,no,no,no,"placed decoration only, not clickable"
/world/models/platformer/chest.glb,Chest,platformer,Seasonal & Themed,furniture,keyword,0.873,walkable (walk-through),no (level-geometry/greybox — not a collectible),,,excluded,no,no,no,"placed decoration only, not clickable"
/world/models/platformer/coin-bronze.glb,Coin Bronze,platformer,Seasonal & Themed,tiny,keyword,0.218,walkable (walk-through),no (level-geometry/greybox — not a collectible),,,excluded,no,yes,no,static click-to-collect
/world/models/platformer/coin-gold.glb,Coin Gold,platformer,Seasonal & Themed,tiny,keyword,0.218,walkable (walk-through),no (level-geometry/greybox — not a collectible),,,excluded,no,yes,no,static click-to-collect
/world/models/platformer/coin-silver.glb,Coin Silver,platformer,Seasonal & Themed,tiny,keyword,0.218,walkable (walk-through),no (level-geometry/greybox — not a collectible),,,excluded,no,yes,no,static click-to-collect
/world/models/platformer/conveyor-belt.glb,Conveyor Belt,platformer,Seasonal & Themed,furniture,category-fallback,1.745,walkable (walk-through),no (level-geometry/greybox — not a collectible),,,excluded,no,no,no,"placed decoration only, not clickable"
/world/models/platformer/crate-item-strong.glb,Crate Item Strong,platformer,Seasonal & Themed,furniture,keyword,0.873,walkable (walk-through),no (level-geometry/greybox — not a collectible),,,excluded,no,no,no,"placed decoration only, not clickable"
/world/models/platformer/crate-item.glb,Crate Item,platformer,Seasonal & Themed,furniture,keyword,0.873,walkable (walk-through),no (level-geometry/greybox — not a collectible),,,excluded,no,no,no,"placed decoration only, not clickable"
/world/models/platformer/crate-strong.glb,Crate Strong,platformer,Seasonal & Themed,furniture,keyword,0.873,walkable (walk-through),no (level-geometry/greybox — not a collectible),,,excluded,no,no,no,"placed decoration only, not clickable"
/world/models/platformer/crate.glb,Crate,platformer,Seasonal & Themed,furniture,keyword,0.873,walkable (walk-through),no (level-geometry/greybox — not a collectible),,,excluded,no,no,no,"placed decoration only, not clickable"
/world/models/platformer/door-large-open.glb,Door Large Open,platformer,Seasonal & Themed,tallFurniture,keyword,1.745,walkable (walk-through),no (level-geometry/greybox — not a collectible),,,excluded,no,no,no,"placed decoration only, not clickable"
/world/models/platformer/door-open.glb,Door Open,platformer,Seasonal & Themed,tallFurniture,keyword,1.745,walkable (walk-through),no (level-geometry/greybox — not a collectible),,,excluded,no,no,no,"placed decoration only, not clickable"
/world/models/platformer/door-rotate-large.glb,Door Rotate Large,platformer,Seasonal & Themed,tallFurniture,keyword,1.745,walkable (walk-through),no (level-geometry/greybox — not a collectible),,,excluded,no,no,no,"placed decoration only, not clickable"
/world/models/platformer/door-rotate.glb,Door Rotate,platformer,Seasonal & Themed,tallFurniture,keyword,1.745,walkable (walk-through),no (level-geometry/greybox — not a collectible),,,excluded,no,no,no,"placed decoration only, not clickable"
/world/models/platformer/fence-broken.glb,Fence Broken,platformer,Seasonal & Themed,personScale,keyword,1.745,walkable (walk-through),no (level-geometry/greybox — not a collectible),,,excluded,no,no,no,"placed decoration only, not clickable"
/world/models/platformer/fence-corner-curved.glb,Fence Corner Curved,platformer,Seasonal & Themed,personScale,keyword,1.745,walkable (walk-through),no (level-geometry/greybox — not a collectible),,,excluded,no,no,no,"placed decoration only, not clickable"
/world/models/platformer/fence-corner.glb,Fence Corner,platformer,Seasonal & Themed,personScale,keyword,1.745,walkable (walk-through),no (level-geometry/greybox — not a collectible),,,excluded,no,no,no,"placed decoration only, not clickable"
/world/models/platformer/fence-low-broken.glb,Fence Low Broken,platformer,Seasonal & Themed,personScale,keyword,1.745,walkable (walk-through),no (level-geometry/greybox — not a collectible),,,excluded,no,no,no,"placed decoration only, not clickable"
/world/models/platformer/fence-low-corner-curved.glb,Fence Low Corner Curved,platformer,Seasonal & Themed,personScale,keyword,1.745,walkable (walk-through),no (level-geometry/greybox — not a collectible),,,excluded,no,no,no,"placed decoration only, not clickable"
/world/models/platformer/fence-low-corner.glb,Fence Low Corner,platformer,Seasonal & Themed,personScale,keyword,1.745,walkable (walk-through),no (level-geometry/greybox — not a collectible),,,excluded,no,no,no,"placed decoration only, not clickable"
/world/models/platformer/fence-low-straight.glb,Fence Low Straight,platformer,Seasonal & Themed,personScale,keyword,1.745,walkable (walk-through),no (level-geometry/greybox — not a collectible),,,excluded,no,no,no,"placed decoration only, not clickable"
/world/models/platformer/fence-rope.glb,Fence Rope,platformer,Seasonal & Themed,personScale,keyword,1.745,walkable (walk-through),no (level-geometry/greybox — not a collectible),,,excluded,no,no,no,"placed decoration only, not clickable"
/world/models/platformer/fence-straight.glb,Fence Straight,platformer,Seasonal & Themed,personScale,keyword,1.745,walkable (walk-through),no (level-geometry/greybox — not a collectible),,,excluded,no,no,no,"placed decoration only, not clickable"
/world/models/platformer/flag.glb,Flag,platformer,Seasonal & Themed,personScale,keyword,1.745,walkable (walk-through),no (level-geometry/greybox — not a collectible),,,excluded,no,no,no,"placed decoration only, not clickable"
/world/models/platformer/flowers-tall.glb,Flowers Tall,platformer,Seasonal & Themed,furniture,category-fallback,1.745,walkable (walk-through),no (level-geometry/greybox — not a collectible),,,excluded,no,no,no,"placed decoration only, not clickable"
/world/models/platformer/flowers.glb,Flowers,platformer,Seasonal & Themed,furniture,category-fallback,1.745,walkable (walk-through),no (level-geometry/greybox — not a collectible),,,excluded,no,no,no,"placed decoration only, not clickable"
/world/models/platformer/grass.glb,Grass,platformer,Seasonal & Themed,furniture,category-fallback,1.745,walkable (walk-through),no (level-geometry/greybox — not a collectible),,,excluded,no,no,no,"placed decoration only, not clickable"
/world/models/platformer/heart.glb,Heart,platformer,Seasonal & Themed,furniture,category-fallback,1.745,walkable (walk-through),no (level-geometry/greybox — not a collectible),,,excluded,no,no,no,"placed decoration only, not clickable"
/world/models/platformer/hedge-corner.glb,Hedge Corner,platformer,Seasonal & Themed,furniture,category-fallback,1.745,walkable (walk-through),no (level-geometry/greybox — not a collectible),,,excluded,no,no,no,"placed decoration only, not clickable"
/world/models/platformer/hedge.glb,Hedge,platformer,Seasonal & Themed,furniture,category-fallback,1.745,walkable (walk-through),no (level-geometry/greybox — not a collectible),,,excluded,no,no,no,"placed decoration only, not clickable"
/world/models/platformer/jewel.glb,Jewel,platformer,Seasonal & Themed,furniture,category-fallback,1.745,walkable (walk-through),no (level-geometry/greybox — not a collectible),,,excluded,no,no,no,"placed decoration only, not clickable"
/world/models/platformer/key.glb,Key,platformer,Seasonal & Themed,furniture,category-fallback,1.745,walkable (walk-through),no (level-geometry/greybox — not a collectible),,,excluded,no,no,no,"placed decoration only, not clickable"
/world/models/platformer/ladder-broken.glb,Ladder Broken,platformer,Seasonal & Themed,personScale,keyword,1.745,walkable (walk-through),no (level-geometry/greybox — not a collectible),,,excluded,no,no,no,"placed decoration only, not clickable"
/world/models/platformer/ladder-long.glb,Ladder Long,platformer,Seasonal & Themed,personScale,keyword,1.745,walkable (walk-through),no (level-geometry/greybox — not a collectible),,,excluded,no,no,no,"placed decoration only, not clickable"
/world/models/platformer/ladder.glb,Ladder,platformer,Seasonal & Themed,personScale,keyword,1.745,walkable (walk-through),no (level-geometry/greybox — not a collectible),,,excluded,no,no,no,"placed decoration only, not clickable"
/world/models/platformer/lever.glb,Lever,platformer,Seasonal & Themed,furniture,category-fallback,1.745,walkable (walk-through),no (level-geometry/greybox — not a collectible),,,excluded,no,no,no,"placed decoration only, not clickable"
/world/models/platformer/lock.glb,Lock,platformer,Seasonal & Themed,furniture,category-fallback,1.745,walkable (walk-through),no (level-geometry/greybox — not a collectible),,,excluded,no,no,no,"placed decoration only, not clickable"
/world/models/platformer/mushrooms.glb,Mushrooms,platformer,Seasonal & Themed,tiny,keyword,0.218,walkable (walk-through),no (level-geometry/greybox — not a collectible),,,excluded,no,yes,no,static click-to-collect
/world/models/platformer/pipe.glb,Pipe,platformer,Seasonal & Themed,furniture,category-fallback,1.745,walkable (walk-through),no (level-geometry/greybox — not a collectible),,,excluded,no,no,no,"placed decoration only, not clickable"
/world/models/platformer/plant.glb,Plant,platformer,Seasonal & Themed,furniture,category-fallback,1.745,walkable (walk-through),no (level-geometry/greybox — not a collectible),,,excluded,no,no,no,"placed decoration only, not clickable"
/world/models/platformer/platform-fortified.glb,Platform Fortified,platformer,Seasonal & Themed,furniture,category-fallback,1.745,walkable (walk-through),no (level-geometry/greybox — not a collectible),,,excluded,no,no,no,"placed decoration only, not clickable"
/world/models/platformer/platform-overhang.glb,Platform Overhang,platformer,Seasonal & Themed,furniture,category-fallback,1.745,walkable (walk-through),no (level-geometry/greybox — not a collectible),,,excluded,no,no,no,"placed decoration only, not clickable"
/world/models/platformer/platform-ramp.glb,Platform Ramp,platformer,Seasonal & Themed,furniture,category-fallback,1.745,walkable (walk-through),no (level-geometry/greybox — not a collectible),,,excluded,no,no,no,"placed decoration only, not clickable"
/world/models/platformer/platform.glb,Platform,platformer,Seasonal & Themed,furniture,category-fallback,1.745,walkable (walk-through),no (level-geometry/greybox — not a collectible),,,excluded,no,no,no,"placed decoration only, not clickable"
/world/models/platformer/poles.glb,Poles,platformer,Seasonal & Themed,furniture,category-fallback,1.745,walkable (walk-through),no (level-geometry/greybox — not a collectible),,,excluded,no,no,no,"placed decoration only, not clickable"
/world/models/platformer/rocks.glb,Rocks,platformer,Seasonal & Themed,furniture,category-fallback,1.745,walkable (walk-through),no (level-geometry/greybox — not a collectible),,,excluded,no,no,no,"placed decoration only, not clickable"
/world/models/platformer/sign.glb,Sign,platformer,Seasonal & Themed,personScale,keyword,1.745,walkable (walk-through),no (level-geometry/greybox — not a collectible),,,excluded,no,no,no,"placed decoration only, not clickable"
/world/models/platformer/spring.glb,Spring,platformer,Seasonal & Themed,furniture,category-fallback,1.745,walkable (walk-through),no (level-geometry/greybox — not a collectible),,,excluded,no,no,no,"placed decoration only, not clickable"
/world/models/platformer/star.glb,Star,platformer,Seasonal & Themed,furniture,category-fallback,1.745,walkable (walk-through),no (level-geometry/greybox — not a collectible),,,excluded,no,no,no,"placed decoration only, not clickable"
/world/models/platformer/stones.glb,Stones,platformer,Seasonal & Themed,furniture,category-fallback,1.745,walkable (walk-through),no (level-geometry/greybox — not a collectible),,,excluded,no,no,no,"placed decoration only, not clickable"
/world/models/platformer/tree-pine-small.glb,Tree Pine Small,platformer,Seasonal & Themed,furniture,category-fallback,1.745,walkable (walk-through),no (level-geometry/greybox — not a collectible),,,excluded,no,no,no,"placed decoration only, not clickable"
/world/models/platformer/tree-pine-snow-small.glb,Tree Pine Snow Small,platformer,Seasonal & Themed,furniture,category-fallback,1.745,walkable (walk-through),no (level-geometry/greybox — not a collectible),,,excluded,no,no,no,"placed decoration only, not clickable"
/world/models/platformer/tree-pine-snow.glb,Tree Pine Snow,platformer,Seasonal & Themed,furniture,category-fallback,1.745,walkable (walk-through),no (level-geometry/greybox — not a collectible),,,excluded,no,no,no,"placed decoration only, not clickable"
/world/models/platformer/tree-pine.glb,Tree Pine,platformer,Seasonal & Themed,furniture,category-fallback,1.745,walkable (walk-through),no (level-geometry/greybox — not a collectible),,,excluded,no,no,no,"placed decoration only, not clickable"
/world/models/platformer/tree-snow.glb,Tree Snow,platformer,Seasonal & Themed,furniture,category-fallback,1.745,walkable (walk-through),no (level-geometry/greybox — not a collectible),,,excluded,no,no,no,"placed decoration only, not clickable"
/world/models/platformer/tree.glb,Tree,platformer,Seasonal & Themed,furniture,category-fallback,1.745,walkable (walk-through),no (level-geometry/greybox — not a collectible),,,excluded,no,no,no,"placed decoration only, not clickable"
/world/models/props/bridge.glb,Bridge,props,Props & Tools,furniture,category-fallback,1.396,solid (blocks movement),yes,500,5.00,paid,no,no,no,"placed decoration only, not clickable"
/world/models/props/cactus.glb,Cactus,props,Props & Tools,furniture,category-fallback,1.396,solid (blocks movement),yes,500,5.00,paid,no,no,no,"placed decoration only, not clickable"
/world/models/props/chair-desk.glb,Chair Desk,props,Props & Tools,furniture,keyword,0.873,solid (blocks movement),yes,500,5.00,paid,no,no,no,"placed decoration only, not clickable"
/world/models/props/computer-keyboard.glb,Computer Keyboard,props,Props & Tools,furniture,category-fallback,1.396,solid (blocks movement),yes,500,5.00,paid,no,no,no,"placed decoration only, not clickable"
/world/models/props/computer-screen.glb,Computer Screen,props,Props & Tools,furniture,category-fallback,1.396,solid (blocks movement),yes,500,5.00,paid,no,no,no,"placed decoration only, not clickable"
/world/models/props/desk.glb,Desk,props,Props & Tools,furniture,keyword,0.873,solid (blocks movement),yes,500,5.00,paid,no,no,no,"placed decoration only, not clickable"
/world/models/props/doggi-statue.glb,Doggi Statue,props,Props & Tools,furniture,category-fallback,1.396,solid (blocks movement),yes,500,5.00,paid,no,no,no,"placed decoration only, not clickable"
/world/models/props/dry_tree.glb,Dry Tree,props,Props & Tools,furniture,category-fallback,1.396,solid (blocks movement),yes,500,5.00,paid,no,no,no,"placed decoration only, not clickable"
/world/models/props/dumpster.glb,Dumpster,props,Props & Tools,furniture,category-fallback,1.396,solid (blocks movement),yes,500,5.00,paid,no,no,no,"placed decoration only, not clickable"
/world/models/props/flower.glb,Flower,props,Props & Tools,furniture,category-fallback,1.396,solid (blocks movement),yes,500,5.00,paid,no,no,no,"placed decoration only, not clickable"
/world/models/props/large_rock.glb,Large Rock,props,Props & Tools,furniture,category-fallback,1.396,solid (blocks movement),yes,500,5.00,paid,no,no,no,"placed decoration only, not clickable"
/world/models/props/medium_rock.glb,Medium Rock,props,Props & Tools,furniture,category-fallback,1.396,solid (blocks movement),yes,500,5.00,paid,no,no,no,"placed decoration only, not clickable"
/world/models/props/mountain_map.glb,Mountain Map,props,Props & Tools,furniture,category-fallback,1.396,solid (blocks movement),yes,500,5.00,paid,no,no,no,"placed decoration only, not clickable"
/world/models/props/mushroom.glb,Mushroom,props,Props & Tools,tiny,keyword,0.218,solid (blocks movement),yes,50,0.50,paid,no,yes,no,static click-to-collect
/world/models/props/park-info-board.glb,Park Info Board,props,Props & Tools,furniture,category-fallback,1.396,solid (blocks movement),yes,500,5.00,paid,no,no,no,"placed decoration only, not clickable"
/world/models/props/pine_tree.glb,Pine Tree,props,Props & Tools,furniture,category-fallback,1.396,solid (blocks movement),yes,500,5.00,paid,no,no,no,"placed decoration only, not clickable"
/world/models/props/playground-slide.glb,Playground Slide,props,Props & Tools,furniture,category-fallback,1.396,solid (blocks movement),yes,500,5.00,paid,no,no,no,"placed decoration only, not clickable"
/world/models/props/potted_tree.glb,Potted Tree,props,Props & Tools,smallObject,keyword,0.436,solid (blocks movement),yes,150,1.50,paid,no,yes,no,static click-to-collect
/world/models/props/sandwich-board.glb,Sandwich Board,props,Props & Tools,personScale,keyword,1.745,solid (blocks movement),yes,800,8.00,paid,no,no,no,"placed decoration only, not clickable"
/world/models/props/shop_building.glb,Shop Building,props,Props & Tools,furniture,category-fallback,1.396,solid (blocks movement),yes,500,5.00,paid,no,no,no,"placed decoration only, not clickable"
/world/models/props/traffic_sign.glb,Traffic Sign,props,Props & Tools,personScale,keyword,1.745,solid (blocks movement),yes,800,8.00,paid,no,no,no,"placed decoration only, not clickable"
/world/models/props/tree2.glb,Tree2,props,Props & Tools,furniture,category-fallback,1.396,solid (blocks movement),yes,500,5.00,paid,no,no,no,"placed decoration only, not clickable"
/world/models/props/trunk.glb,Trunk,props,Props & Tools,furniture,category-fallback,1.396,solid (blocks movement),yes,500,5.00,paid,no,no,no,"placed decoration only, not clickable"
/world/models/props/wooden-sign-1.glb,Wooden Sign 1,props,Props & Tools,personScale,keyword,1.745,solid (blocks movement),yes,800,8.00,paid,no,no,no,"placed decoration only, not clickable"
/world/models/props/wooden-sign-2.glb,Wooden Sign 2,props,Props & Tools,personScale,keyword,1.745,solid (blocks movement),yes,800,8.00,paid,no,no,no,"placed decoration only, not clickable"
/world/models/props/wooden-sign-3.glb,Wooden Sign 3,props,Props & Tools,personScale,keyword,1.745,solid (blocks movement),yes,800,8.00,paid,no,no,no,"placed decoration only, not clickable"
/world/models/prototype/animal-bison.glb,Animal Bison,prototype,Props & Tools,furniture,category-fallback,1.745,solid (blocks movement),no (level-geometry/greybox — not a collectible),,,excluded,no,no,no,"placed decoration only, not clickable"
/world/models/prototype/animal-dog.glb,Animal Dog,prototype,Props & Tools,furniture,category-fallback,1.745,solid (blocks movement),no (level-geometry/greybox — not a collectible),,,excluded,no,no,no,"placed decoration only, not clickable"
/world/models/prototype/animal-horse.glb,Animal Horse,prototype,Props & Tools,furniture,category-fallback,1.745,solid (blocks movement),no (level-geometry/greybox — not a collectible),,,excluded,no,no,no,"placed decoration only, not clickable"
/world/models/prototype/button-floor-round-small.glb,Button Floor Round Small,prototype,Props & Tools,furniture,keyword,0.873,solid (blocks movement),no (level-geometry/greybox — not a collectible),,,excluded,no,no,no,"placed decoration only, not clickable"
/world/models/prototype/button-floor-round.glb,Button Floor Round,prototype,Props & Tools,furniture,keyword,0.873,solid (blocks movement),no (level-geometry/greybox — not a collectible),,,excluded,no,no,no,"placed decoration only, not clickable"
/world/models/prototype/button-floor-square-small.glb,Button Floor Square Small,prototype,Props & Tools,furniture,keyword,0.873,solid (blocks movement),no (level-geometry/greybox — not a collectible),,,excluded,no,no,no,"placed decoration only, not clickable"
/world/models/prototype/button-floor-square.glb,Button Floor Square,prototype,Props & Tools,furniture,keyword,0.873,solid (blocks movement),no (level-geometry/greybox — not a collectible),,,excluded,no,no,no,"placed decoration only, not clickable"
/world/models/prototype/coin.glb,Coin,prototype,Props & Tools,tiny,keyword,0.218,solid (blocks movement),no (level-geometry/greybox — not a collectible),,,excluded,no,yes,no,static click-to-collect
/world/models/prototype/column-low.glb,Column Low,prototype,Props & Tools,smallObject,keyword,0.436,solid (blocks movement),no (level-geometry/greybox — not a collectible),,,excluded,no,yes,no,static click-to-collect
/world/models/prototype/column-rounded-low.glb,Column Rounded Low,prototype,Props & Tools,smallObject,keyword,0.436,solid (blocks movement),no (level-geometry/greybox — not a collectible),,,excluded,no,yes,no,static click-to-collect
/world/models/prototype/column-rounded.glb,Column Rounded,prototype,Props & Tools,personScale,keyword,1.745,solid (blocks movement),no (level-geometry/greybox — not a collectible),,,excluded,no,no,no,"placed decoration only, not clickable"
/world/models/prototype/column-triangle-low.glb,Column Triangle Low,prototype,Props & Tools,smallObject,keyword,0.436,solid (blocks movement),no (level-geometry/greybox — not a collectible),,,excluded,no,yes,no,static click-to-collect
/world/models/prototype/column-triangle.glb,Column Triangle,prototype,Props & Tools,personScale,keyword,1.745,solid (blocks movement),no (level-geometry/greybox — not a collectible),,,excluded,no,no,no,"placed decoration only, not clickable"
/world/models/prototype/column.glb,Column,prototype,Props & Tools,personScale,keyword,1.745,solid (blocks movement),no (level-geometry/greybox — not a collectible),,,excluded,no,no,no,"placed decoration only, not clickable"
/world/models/prototype/crate-color.glb,Crate Color,prototype,Props & Tools,furniture,keyword,0.873,solid (blocks movement),no (level-geometry/greybox — not a collectible),,,excluded,no,no,no,"placed decoration only, not clickable"
/world/models/prototype/crate.glb,Crate,prototype,Props & Tools,furniture,keyword,0.873,solid (blocks movement),no (level-geometry/greybox — not a collectible),,,excluded,no,no,no,"placed decoration only, not clickable"
/world/models/prototype/door-garage.glb,Door Garage,prototype,Props & Tools,tallFurniture,keyword,1.745,solid (blocks movement),no (level-geometry/greybox — not a collectible),,,excluded,no,no,no,"placed decoration only, not clickable"
/world/models/prototype/door-rotate.glb,Door Rotate,prototype,Props & Tools,tallFurniture,keyword,1.745,solid (blocks movement),no (level-geometry/greybox — not a collectible),,,excluded,no,no,no,"placed decoration only, not clickable"
/world/models/prototype/door-sliding-double-round.glb,Door Sliding Double Round,prototype,Props & Tools,tallFurniture,keyword,1.745,solid (blocks movement),no (level-geometry/greybox — not a collectible),,,excluded,no,no,no,"placed decoration only, not clickable"
/world/models/prototype/door-sliding-double-wide.glb,Door Sliding Double Wide,prototype,Props & Tools,tallFurniture,keyword,1.745,solid (blocks movement),no (level-geometry/greybox — not a collectible),,,excluded,no,no,no,"placed decoration only, not clickable"
/world/models/prototype/door-sliding-double.glb,Door Sliding Double,prototype,Props & Tools,tallFurniture,keyword,1.745,solid (blocks movement),no (level-geometry/greybox — not a collectible),,,excluded,no,no,no,"placed decoration only, not clickable"
/world/models/prototype/door-sliding.glb,Door Sliding,prototype,Props & Tools,tallFurniture,keyword,1.745,solid (blocks movement),no (level-geometry/greybox — not a collectible),,,excluded,no,no,no,"placed decoration only, not clickable"
/world/models/prototype/figurine-cube-detailed.glb,Figurine Cube Detailed,prototype,Props & Tools,furniture,category-fallback,1.745,solid (blocks movement),no (level-geometry/greybox — not a collectible),,,excluded,no,no,no,"placed decoration only, not clickable"
/world/models/prototype/figurine-cube.glb,Figurine Cube,prototype,Props & Tools,furniture,category-fallback,1.745,solid (blocks movement),no (level-geometry/greybox — not a collectible),,,excluded,no,no,no,"placed decoration only, not clickable"
/world/models/prototype/figurine-large.glb,Figurine Large,prototype,Props & Tools,furniture,category-fallback,1.745,solid (blocks movement),no (level-geometry/greybox — not a collectible),,,excluded,no,no,no,"placed decoration only, not clickable"
/world/models/prototype/figurine.glb,Figurine,prototype,Props & Tools,furniture,category-fallback,1.745,solid (blocks movement),no (level-geometry/greybox — not a collectible),,,excluded,no,no,no,"placed decoration only, not clickable"
/world/models/prototype/flag.glb,Flag,prototype,Props & Tools,personScale,keyword,1.745,solid (blocks movement),no (level-geometry/greybox — not a collectible),,,excluded,no,no,no,"placed decoration only, not clickable"
/world/models/prototype/floor-diagonal.glb,Floor Diagonal,prototype,Props & Tools,furniture,keyword,0.873,solid (blocks movement),no (level-geometry/greybox — not a collectible),,,excluded,no,no,no,"placed decoration only, not clickable"
/world/models/prototype/floor-small-diagonal.glb,Floor Small Diagonal,prototype,Props & Tools,furniture,keyword,0.873,solid (blocks movement),no (level-geometry/greybox — not a collectible),,,excluded,no,no,no,"placed decoration only, not clickable"
/world/models/prototype/floor-small-square.glb,Floor Small Square,prototype,Props & Tools,furniture,keyword,0.873,solid (blocks movement),no (level-geometry/greybox — not a collectible),,,excluded,no,no,no,"placed decoration only, not clickable"
/world/models/prototype/floor-square.glb,Floor Square,prototype,Props & Tools,furniture,keyword,0.873,solid (blocks movement),no (level-geometry/greybox — not a collectible),,,excluded,no,no,no,"placed decoration only, not clickable"
/world/models/prototype/floor-thick-corner-diagonal.glb,Floor Thick Corner Diagonal,prototype,Props & Tools,furniture,keyword,0.873,solid (blocks movement),no (level-geometry/greybox — not a collectible),,,excluded,no,no,no,"placed decoration only, not clickable"
/world/models/prototype/floor-thick-corner-round.glb,Floor Thick Corner Round,prototype,Props & Tools,furniture,keyword,0.873,solid (blocks movement),no (level-geometry/greybox — not a collectible),,,excluded,no,no,no,"placed decoration only, not clickable"
/world/models/prototype/floor-thick-corner-rounded.glb,Floor Thick Corner Rounded,prototype,Props & Tools,furniture,keyword,0.873,solid (blocks movement),no (level-geometry/greybox — not a collectible),,,excluded,no,no,no,"placed decoration only, not clickable"
/world/models/prototype/floor-thick.glb,Floor Thick,prototype,Props & Tools,furniture,keyword,0.873,solid (blocks movement),no (level-geometry/greybox — not a collectible),,,excluded,no,no,no,"placed decoration only, not clickable"
/world/models/prototype/hat-cap.glb,Hat Cap,prototype,Props & Tools,furniture,category-fallback,1.745,solid (blocks movement),no (level-geometry/greybox — not a collectible),,,excluded,no,no,no,"placed decoration only, not clickable"
/world/models/prototype/hat-hard.glb,Hat Hard,prototype,Props & Tools,furniture,category-fallback,1.745,solid (blocks movement),no (level-geometry/greybox — not a collectible),,,excluded,no,no,no,"placed decoration only, not clickable"
/world/models/prototype/indicator-doorway.glb,Indicator Doorway,prototype,Props & Tools,tallFurniture,keyword,1.745,solid (blocks movement),no (level-geometry/greybox — not a collectible),,,excluded,no,no,no,"placed decoration only, not clickable"
/world/models/prototype/indicator-round-a.glb,Indicator Round A,prototype,Props & Tools,furniture,category-fallback,1.745,solid (blocks movement),no (level-geometry/greybox — not a collectible),,,excluded,no,no,no,"placed decoration only, not clickable"
/world/models/prototype/indicator-round-b.glb,Indicator Round B,prototype,Props & Tools,furniture,category-fallback,1.745,solid (blocks movement),no (level-geometry/greybox — not a collectible),,,excluded,no,no,no,"placed decoration only, not clickable"
/world/models/prototype/indicator-round-c.glb,Indicator Round C,prototype,Props & Tools,furniture,category-fallback,1.745,solid (blocks movement),no (level-geometry/greybox — not a collectible),,,excluded,no,no,no,"placed decoration only, not clickable"
/world/models/prototype/indicator-round-d.glb,Indicator Round D,prototype,Props & Tools,furniture,category-fallback,1.745,solid (blocks movement),no (level-geometry/greybox — not a collectible),,,excluded,no,no,no,"placed decoration only, not clickable"
/world/models/prototype/indicator-round-e.glb,Indicator Round E,prototype,Props & Tools,furniture,category-fallback,1.745,solid (blocks movement),no (level-geometry/greybox — not a collectible),,,excluded,no,no,no,"placed decoration only, not clickable"
/world/models/prototype/indicator-round-f.glb,Indicator Round F,prototype,Props & Tools,furniture,category-fallback,1.745,solid (blocks movement),no (level-geometry/greybox — not a collectible),,,excluded,no,no,no,"placed decoration only, not clickable"
/world/models/prototype/indicator-special-area.glb,Indicator Special Area,prototype,Props & Tools,furniture,category-fallback,1.745,solid (blocks movement),no (level-geometry/greybox — not a collectible),,,excluded,no,no,no,"placed decoration only, not clickable"
/world/models/prototype/indicator-special-cross.glb,Indicator Special Cross,prototype,Props & Tools,furniture,category-fallback,1.745,solid (blocks movement),no (level-geometry/greybox — not a collectible),,,excluded,no,no,no,"placed decoration only, not clickable"
/world/models/prototype/indicator-special-lines.glb,Indicator Special Lines,prototype,Props & Tools,furniture,category-fallback,1.745,solid (blocks movement),no (level-geometry/greybox — not a collectible),,,excluded,no,no,no,"placed decoration only, not clickable"
/world/models/prototype/indicator-square-a.glb,Indicator Square A,prototype,Props & Tools,furniture,category-fallback,1.745,solid (blocks movement),no (level-geometry/greybox — not a collectible),,,excluded,no,no,no,"placed decoration only, not clickable"
/world/models/prototype/indicator-square-b.glb,Indicator Square B,prototype,Props & Tools,furniture,category-fallback,1.745,solid (blocks movement),no (level-geometry/greybox — not a collectible),,,excluded,no,no,no,"placed decoration only, not clickable"
/world/models/prototype/indicator-square-c.glb,Indicator Square C,prototype,Props & Tools,furniture,category-fallback,1.745,solid (blocks movement),no (level-geometry/greybox — not a collectible),,,excluded,no,no,no,"placed decoration only, not clickable"
/world/models/prototype/indicator-square-d.glb,Indicator Square D,prototype,Props & Tools,furniture,category-fallback,1.745,solid (blocks movement),no (level-geometry/greybox — not a collectible),,,excluded,no,no,no,"placed decoration only, not clickable"
/world/models/prototype/indicator-square-e.glb,Indicator Square E,prototype,Props & Tools,furniture,category-fallback,1.745,solid (blocks movement),no (level-geometry/greybox — not a collectible),,,excluded,no,no,no,"placed decoration only, not clickable"
/world/models/prototype/indicator-square-f.glb,Indicator Square F,prototype,Props & Tools,furniture,category-fallback,1.745,solid (blocks movement),no (level-geometry/greybox — not a collectible),,,excluded,no,no,no,"placed decoration only, not clickable"
/world/models/prototype/ladder-color.glb,Ladder Color,prototype,Props & Tools,personScale,keyword,1.745,solid (blocks movement),no (level-geometry/greybox — not a collectible),,,excluded,no,no,no,"placed decoration only, not clickable"
/world/models/prototype/ladder-top.glb,Ladder Top,prototype,Props & Tools,personScale,keyword,1.745,solid (blocks movement),no (level-geometry/greybox — not a collectible),,,excluded,no,no,no,"placed decoration only, not clickable"
/world/models/prototype/ladder.glb,Ladder,prototype,Props & Tools,personScale,keyword,1.745,solid (blocks movement),no (level-geometry/greybox — not a collectible),,,excluded,no,no,no,"placed decoration only, not clickable"
/world/models/prototype/lever-double.glb,Lever Double,prototype,Props & Tools,furniture,category-fallback,1.745,solid (blocks movement),no (level-geometry/greybox — not a collectible),,,excluded,no,no,no,"placed decoration only, not clickable"
/world/models/prototype/lever-single.glb,Lever Single,prototype,Props & Tools,furniture,category-fallback,1.745,solid (blocks movement),no (level-geometry/greybox — not a collectible),,,excluded,no,no,no,"placed decoration only, not clickable"
/world/models/prototype/number-0.glb,Number 0,prototype,Props & Tools,furniture,category-fallback,1.745,solid (blocks movement),no (level-geometry/greybox — not a collectible),,,excluded,no,no,no,"placed decoration only, not clickable"
/world/models/prototype/number-1.glb,Number 1,prototype,Props & Tools,furniture,category-fallback,1.745,solid (blocks movement),no (level-geometry/greybox — not a collectible),,,excluded,no,no,no,"placed decoration only, not clickable"
/world/models/prototype/number-2.glb,Number 2,prototype,Props & Tools,furniture,category-fallback,1.745,solid (blocks movement),no (level-geometry/greybox — not a collectible),,,excluded,no,no,no,"placed decoration only, not clickable"
/world/models/prototype/number-3.glb,Number 3,prototype,Props & Tools,furniture,category-fallback,1.745,solid (blocks movement),no (level-geometry/greybox — not a collectible),,,excluded,no,no,no,"placed decoration only, not clickable"
/world/models/prototype/number-4.glb,Number 4,prototype,Props & Tools,furniture,category-fallback,1.745,solid (blocks movement),no (level-geometry/greybox — not a collectible),,,excluded,no,no,no,"placed decoration only, not clickable"
/world/models/prototype/number-5.glb,Number 5,prototype,Props & Tools,furniture,category-fallback,1.745,solid (blocks movement),no (level-geometry/greybox — not a collectible),,,excluded,no,no,no,"placed decoration only, not clickable"
/world/models/prototype/number-6.glb,Number 6,prototype,Props & Tools,furniture,category-fallback,1.745,solid (blocks movement),no (level-geometry/greybox — not a collectible),,,excluded,no,no,no,"placed decoration only, not clickable"
/world/models/prototype/number-7.glb,Number 7,prototype,Props & Tools,furniture,category-fallback,1.745,solid (blocks movement),no (level-geometry/greybox — not a collectible),,,excluded,no,no,no,"placed decoration only, not clickable"
/world/models/prototype/number-8.glb,Number 8,prototype,Props & Tools,furniture,category-fallback,1.745,solid (blocks movement),no (level-geometry/greybox — not a collectible),,,excluded,no,no,no,"placed decoration only, not clickable"
/world/models/prototype/number-9.glb,Number 9,prototype,Props & Tools,furniture,category-fallback,1.745,solid (blocks movement),no (level-geometry/greybox — not a collectible),,,excluded,no,no,no,"placed decoration only, not clickable"
/world/models/prototype/number-double-0.glb,Number Double 0,prototype,Props & Tools,furniture,category-fallback,1.745,solid (blocks movement),no (level-geometry/greybox — not a collectible),,,excluded,no,no,no,"placed decoration only, not clickable"
/world/models/prototype/number-double-1.glb,Number Double 1,prototype,Props & Tools,furniture,category-fallback,1.745,solid (blocks movement),no (level-geometry/greybox — not a collectible),,,excluded,no,no,no,"placed decoration only, not clickable"
/world/models/prototype/number-double-2.glb,Number Double 2,prototype,Props & Tools,furniture,category-fallback,1.745,solid (blocks movement),no (level-geometry/greybox — not a collectible),,,excluded,no,no,no,"placed decoration only, not clickable"
/world/models/prototype/number-double-3.glb,Number Double 3,prototype,Props & Tools,furniture,category-fallback,1.745,solid (blocks movement),no (level-geometry/greybox — not a collectible),,,excluded,no,no,no,"placed decoration only, not clickable"
/world/models/prototype/number-double-4.glb,Number Double 4,prototype,Props & Tools,furniture,category-fallback,1.745,solid (blocks movement),no (level-geometry/greybox — not a collectible),,,excluded,no,no,no,"placed decoration only, not clickable"
/world/models/prototype/number-double-5.glb,Number Double 5,prototype,Props & Tools,furniture,category-fallback,1.745,solid (blocks movement),no (level-geometry/greybox — not a collectible),,,excluded,no,no,no,"placed decoration only, not clickable"
/world/models/prototype/number-double-6.glb,Number Double 6,prototype,Props & Tools,furniture,category-fallback,1.745,solid (blocks movement),no (level-geometry/greybox — not a collectible),,,excluded,no,no,no,"placed decoration only, not clickable"
/world/models/prototype/number-double-7.glb,Number Double 7,prototype,Props & Tools,furniture,category-fallback,1.745,solid (blocks movement),no (level-geometry/greybox — not a collectible),,,excluded,no,no,no,"placed decoration only, not clickable"
/world/models/prototype/number-double-8.glb,Number Double 8,prototype,Props & Tools,furniture,category-fallback,1.745,solid (blocks movement),no (level-geometry/greybox — not a collectible),,,excluded,no,no,no,"placed decoration only, not clickable"
/world/models/prototype/number-double-9.glb,Number Double 9,prototype,Props & Tools,furniture,category-fallback,1.745,solid (blocks movement),no (level-geometry/greybox — not a collectible),,,excluded,no,no,no,"placed decoration only, not clickable"
/world/models/prototype/pipe-corner.glb,Pipe Corner,prototype,Props & Tools,furniture,category-fallback,1.745,solid (blocks movement),no (level-geometry/greybox — not a collectible),,,excluded,no,no,no,"placed decoration only, not clickable"
/world/models/prototype/pipe-half-section.glb,Pipe Half Section,prototype,Props & Tools,furniture,category-fallback,1.745,solid (blocks movement),no (level-geometry/greybox — not a collectible),,,excluded,no,no,no,"placed decoration only, not clickable"
/world/models/prototype/pipe-half.glb,Pipe Half,prototype,Props & Tools,furniture,category-fallback,1.745,solid (blocks movement),no (level-geometry/greybox — not a collectible),,,excluded,no,no,no,"placed decoration only, not clickable"
/world/models/prototype/pipe-section.glb,Pipe Section,prototype,Props & Tools,furniture,category-fallback,1.745,solid (blocks movement),no (level-geometry/greybox — not a collectible),,,excluded,no,no,no,"placed decoration only, not clickable"
/world/models/prototype/pipe-split.glb,Pipe Split,prototype,Props & Tools,furniture,category-fallback,1.745,solid (blocks movement),no (level-geometry/greybox — not a collectible),,,excluded,no,no,no,"placed decoration only, not clickable"
/world/models/prototype/pipe.glb,Pipe,prototype,Props & Tools,furniture,category-fallback,1.745,solid (blocks movement),no (level-geometry/greybox — not a collectible),,,excluded,no,no,no,"placed decoration only, not clickable"
/world/models/prototype/shape-cube-half.glb,Shape Cube Half,prototype,Props & Tools,furniture,category-fallback,1.745,solid (blocks movement),no (level-geometry/greybox — not a collectible),,,excluded,no,no,no,"placed decoration only, not clickable"
/world/models/prototype/shape-cube-rounded.glb,Shape Cube Rounded,prototype,Props & Tools,furniture,category-fallback,1.745,solid (blocks movement),no (level-geometry/greybox — not a collectible),,,excluded,no,no,no,"placed decoration only, not clickable"
/world/models/prototype/shape-cube.glb,Shape Cube,prototype,Props & Tools,furniture,category-fallback,1.745,solid (blocks movement),no (level-geometry/greybox — not a collectible),,,excluded,no,no,no,"placed decoration only, not clickable"
/world/models/prototype/shape-cylinder-detailed.glb,Shape Cylinder Detailed,prototype,Props & Tools,furniture,category-fallback,1.745,solid (blocks movement),no (level-geometry/greybox — not a collectible),,,excluded,no,no,no,"placed decoration only, not clickable"
/world/models/prototype/shape-cylinder-half-detailed.glb,Shape Cylinder Half Detailed,prototype,Props & Tools,furniture,category-fallback,1.745,solid (blocks movement),no (level-geometry/greybox — not a collectible),,,excluded,no,no,no,"placed decoration only, not clickable"
/world/models/prototype/shape-cylinder-half.glb,Shape Cylinder Half,prototype,Props & Tools,furniture,category-fallback,1.745,solid (blocks movement),no (level-geometry/greybox — not a collectible),,,excluded,no,no,no,"placed decoration only, not clickable"
/world/models/prototype/shape-cylinder.glb,Shape Cylinder,prototype,Props & Tools,furniture,category-fallback,1.745,solid (blocks movement),no (level-geometry/greybox — not a collectible),,,excluded,no,no,no,"placed decoration only, not clickable"
/world/models/prototype/shape-hexagon-half.glb,Shape Hexagon Half,prototype,Props & Tools,furniture,category-fallback,1.745,solid (blocks movement),no (level-geometry/greybox — not a collectible),,,excluded,no,no,no,"placed decoration only, not clickable"
/world/models/prototype/shape-hexagon.glb,Shape Hexagon,prototype,Props & Tools,furniture,category-fallback,1.745,solid (blocks movement),no (level-geometry/greybox — not a collectible),,,excluded,no,no,no,"placed decoration only, not clickable"
/world/models/prototype/shape-hollow-cylinder-detailed.glb,Shape Hollow Cylinder Detailed,prototype,Props & Tools,furniture,category-fallback,1.745,solid (blocks movement),no (level-geometry/greybox — not a collectible),,,excluded,no,no,no,"placed decoration only, not clickable"
/world/models/prototype/shape-hollow-cylinder-half-detailed.glb,Shape Hollow Cylinder Half Detailed,prototype,Props & Tools,furniture,category-fallback,1.745,solid (blocks movement),no (level-geometry/greybox — not a collectible),,,excluded,no,no,no,"placed decoration only, not clickable"
/world/models/prototype/shape-hollow-cylinder-half.glb,Shape Hollow Cylinder Half,prototype,Props & Tools,furniture,category-fallback,1.745,solid (blocks movement),no (level-geometry/greybox — not a collectible),,,excluded,no,no,no,"placed decoration only, not clickable"
/world/models/prototype/shape-hollow-cylinder.glb,Shape Hollow Cylinder,prototype,Props & Tools,furniture,category-fallback,1.745,solid (blocks movement),no (level-geometry/greybox — not a collectible),,,excluded,no,no,no,"placed decoration only, not clickable"
/world/models/prototype/shape-hollow-hexagon-half.glb,Shape Hollow Hexagon Half,prototype,Props & Tools,furniture,category-fallback,1.745,solid (blocks movement),no (level-geometry/greybox — not a collectible),,,excluded,no,no,no,"placed decoration only, not clickable"
/world/models/prototype/shape-hollow-hexagon.glb,Shape Hollow Hexagon,prototype,Props & Tools,furniture,category-fallback,1.745,solid (blocks movement),no (level-geometry/greybox — not a collectible),,,excluded,no,no,no,"placed decoration only, not clickable"
/world/models/prototype/shape-slope.glb,Shape Slope,prototype,Props & Tools,furniture,category-fallback,1.745,solid (blocks movement),no (level-geometry/greybox — not a collectible),,,excluded,no,no,no,"placed decoration only, not clickable"
/world/models/prototype/shape-triangular-prism-low.glb,Shape Triangular Prism Low,prototype,Props & Tools,furniture,category-fallback,1.745,solid (blocks movement),no (level-geometry/greybox — not a collectible),,,excluded,no,no,no,"placed decoration only, not clickable"
/world/models/prototype/shape-triangular-prism.glb,Shape Triangular Prism,prototype,Props & Tools,furniture,category-fallback,1.745,solid (blocks movement),no (level-geometry/greybox — not a collectible),,,excluded,no,no,no,"placed decoration only, not clickable"
/world/models/prototype/stairs-diagonal-narrow.glb,Stairs Diagonal Narrow,prototype,Props & Tools,furniture,category-fallback,1.745,solid (blocks movement),no (level-geometry/greybox — not a collectible),,,excluded,no,no,no,"placed decoration only, not clickable"
/world/models/prototype/stairs-diagonal-small-narrow.glb,Stairs Diagonal Small Narrow,prototype,Props & Tools,furniture,category-fallback,1.745,solid (blocks movement),no (level-geometry/greybox — not a collectible),,,excluded,no,no,no,"placed decoration only, not clickable"
/world/models/prototype/stairs-diagonal-small.glb,Stairs Diagonal Small,prototype,Props & Tools,furniture,category-fallback,1.745,solid (blocks movement),no (level-geometry/greybox — not a collectible),,,excluded,no,no,no,"placed decoration only, not clickable"
/world/models/prototype/stairs-diagonal.glb,Stairs Diagonal,prototype,Props & Tools,furniture,category-fallback,1.745,solid (blocks movement),no (level-geometry/greybox — not a collectible),,,excluded,no,no,no,"placed decoration only, not clickable"
/world/models/prototype/stairs-narrow.glb,Stairs Narrow,prototype,Props & Tools,furniture,category-fallback,1.745,solid (blocks movement),no (level-geometry/greybox — not a collectible),,,excluded,no,no,no,"placed decoration only, not clickable"
/world/models/prototype/stairs-small-narrow.glb,Stairs Small Narrow,prototype,Props & Tools,furniture,category-fallback,1.745,solid (blocks movement),no (level-geometry/greybox — not a collectible),,,excluded,no,no,no,"placed decoration only, not clickable"
/world/models/prototype/stairs-small.glb,Stairs Small,prototype,Props & Tools,furniture,category-fallback,1.745,solid (blocks movement),no (level-geometry/greybox — not a collectible),,,excluded,no,no,no,"placed decoration only, not clickable"
/world/models/prototype/stairs.glb,Stairs,prototype,Props & Tools,furniture,category-fallback,1.745,solid (blocks movement),no (level-geometry/greybox — not a collectible),,,excluded,no,no,no,"placed decoration only, not clickable"
/world/models/prototype/target-a-round.glb,Target A Round,prototype,Props & Tools,smallObject,keyword,0.436,solid (blocks movement),no (level-geometry/greybox — not a collectible),,,excluded,no,yes,no,static click-to-collect
/world/models/prototype/target-a-square.glb,Target A Square,prototype,Props & Tools,smallObject,keyword,0.436,solid (blocks movement),no (level-geometry/greybox — not a collectible),,,excluded,no,yes,no,static click-to-collect
/world/models/prototype/target-b-round.glb,Target B Round,prototype,Props & Tools,smallObject,keyword,0.436,solid (blocks movement),no (level-geometry/greybox — not a collectible),,,excluded,no,yes,no,static click-to-collect
/world/models/prototype/target-b-square.glb,Target B Square,prototype,Props & Tools,smallObject,keyword,0.436,solid (blocks movement),no (level-geometry/greybox — not a collectible),,,excluded,no,yes,no,static click-to-collect
/world/models/prototype/vehicle-convertible.glb,Vehicle Convertible,prototype,Props & Tools,furniture,category-fallback,1.745,solid (blocks movement),no (level-geometry/greybox — not a collectible),,,excluded,no,no,no,"placed decoration only, not clickable"
/world/models/prototype/vehicle.glb,Vehicle,prototype,Props & Tools,furniture,category-fallback,1.745,solid (blocks movement),no (level-geometry/greybox — not a collectible),,,excluded,no,no,no,"placed decoration only, not clickable"
/world/models/prototype/wall-corner-low.glb,Wall Corner Low,prototype,Props & Tools,furniture,category-fallback,1.745,solid (blocks movement),no (level-geometry/greybox — not a collectible),,,excluded,no,no,no,"placed decoration only, not clickable"
/world/models/prototype/wall-corner-rounded-low.glb,Wall Corner Rounded Low,prototype,Props & Tools,furniture,category-fallback,1.745,solid (blocks movement),no (level-geometry/greybox — not a collectible),,,excluded,no,no,no,"placed decoration only, not clickable"
/world/models/prototype/wall-corner-rounded.glb,Wall Corner Rounded,prototype,Props & Tools,furniture,category-fallback,1.745,solid (blocks movement),no (level-geometry/greybox — not a collectible),,,excluded,no,no,no,"placed decoration only, not clickable"
/world/models/prototype/wall-corner.glb,Wall Corner,prototype,Props & Tools,furniture,category-fallback,1.745,solid (blocks movement),no (level-geometry/greybox — not a collectible),,,excluded,no,no,no,"placed decoration only, not clickable"
/world/models/prototype/wall-diagonal-low.glb,Wall Diagonal Low,prototype,Props & Tools,furniture,category-fallback,1.745,solid (blocks movement),no (level-geometry/greybox — not a collectible),,,excluded,no,no,no,"placed decoration only, not clickable"
/world/models/prototype/wall-diagonal.glb,Wall Diagonal,prototype,Props & Tools,furniture,category-fallback,1.745,solid (blocks movement),no (level-geometry/greybox — not a collectible),,,excluded,no,no,no,"placed decoration only, not clickable"
/world/models/prototype/wall-doorway-garage.glb,Wall Doorway Garage,prototype,Props & Tools,tallFurniture,keyword,1.745,solid (blocks movement),no (level-geometry/greybox — not a collectible),,,excluded,no,no,no,"placed decoration only, not clickable"
/world/models/prototype/wall-doorway-round.glb,Wall Doorway Round,prototype,Props & Tools,tallFurniture,keyword,1.745,solid (blocks movement),no (level-geometry/greybox — not a collectible),,,excluded,no,no,no,"placed decoration only, not clickable"
/world/models/prototype/wall-doorway-sliding.glb,Wall Doorway Sliding,prototype,Props & Tools,tallFurniture,keyword,1.745,solid (blocks movement),no (level-geometry/greybox — not a collectible),,,excluded,no,no,no,"placed decoration only, not clickable"
/world/models/prototype/wall-doorway-wide-sliding.glb,Wall Doorway Wide Sliding,prototype,Props & Tools,tallFurniture,keyword,1.745,solid (blocks movement),no (level-geometry/greybox — not a collectible),,,excluded,no,no,no,"placed decoration only, not clickable"
/world/models/prototype/wall-doorway-wide.glb,Wall Doorway Wide,prototype,Props & Tools,tallFurniture,keyword,1.745,solid (blocks movement),no (level-geometry/greybox — not a collectible),,,excluded,no,no,no,"placed decoration only, not clickable"
/world/models/prototype/wall-doorway.glb,Wall Doorway,prototype,Props & Tools,tallFurniture,keyword,1.745,solid (blocks movement),no (level-geometry/greybox — not a collectible),,,excluded,no,no,no,"placed decoration only, not clickable"
/world/models/prototype/wall-low.glb,Wall Low,prototype,Props & Tools,furniture,category-fallback,1.745,solid (blocks movement),no (level-geometry/greybox — not a collectible),,,excluded,no,no,no,"placed decoration only, not clickable"
/world/models/prototype/wall-round-low.glb,Wall Round Low,prototype,Props & Tools,furniture,category-fallback,1.745,solid (blocks movement),no (level-geometry/greybox — not a collectible),,,excluded,no,no,no,"placed decoration only, not clickable"
/world/models/prototype/wall-round.glb,Wall Round,prototype,Props & Tools,furniture,category-fallback,1.745,solid (blocks movement),no (level-geometry/greybox — not a collectible),,,excluded,no,no,no,"placed decoration only, not clickable"
/world/models/prototype/wall-window-barred-large.glb,Wall Window Barred Large,prototype,Props & Tools,tallFurniture,keyword,1.745,solid (blocks movement),no (level-geometry/greybox — not a collectible),,,excluded,no,no,no,"placed decoration only, not clickable"
/world/models/prototype/wall-window-barred-medium.glb,Wall Window Barred Medium,prototype,Props & Tools,tallFurniture,keyword,1.745,solid (blocks movement),no (level-geometry/greybox — not a collectible),,,excluded,no,no,no,"placed decoration only, not clickable"
/world/models/prototype/wall-window-barred-small.glb,Wall Window Barred Small,prototype,Props & Tools,tallFurniture,keyword,1.745,solid (blocks movement),no (level-geometry/greybox — not a collectible),,,excluded,no,no,no,"placed decoration only, not clickable"
/world/models/prototype/wall-window-cutout-large.glb,Wall Window Cutout Large,prototype,Props & Tools,tallFurniture,keyword,1.745,solid (blocks movement),no (level-geometry/greybox — not a collectible),,,excluded,no,no,no,"placed decoration only, not clickable"
/world/models/prototype/wall-window-cutout-medium.glb,Wall Window Cutout Medium,prototype,Props & Tools,tallFurniture,keyword,1.745,solid (blocks movement),no (level-geometry/greybox — not a collectible),,,excluded,no,no,no,"placed decoration only, not clickable"
/world/models/prototype/wall-window-cutout-small.glb,Wall Window Cutout Small,prototype,Props & Tools,tallFurniture,keyword,1.745,solid (blocks movement),no (level-geometry/greybox — not a collectible),,,excluded,no,no,no,"placed decoration only, not clickable"
/world/models/prototype/wall-window-large.glb,Wall Window Large,prototype,Props & Tools,tallFurniture,keyword,1.745,solid (blocks movement),no (level-geometry/greybox — not a collectible),,,excluded,no,no,no,"placed decoration only, not clickable"
/world/models/prototype/wall-window-medium.glb,Wall Window Medium,prototype,Props & Tools,tallFurniture,keyword,1.745,solid (blocks movement),no (level-geometry/greybox — not a collectible),,,excluded,no,no,no,"placed decoration only, not clickable"
/world/models/prototype/wall-window-small.glb,Wall Window Small,prototype,Props & Tools,tallFurniture,keyword,1.745,solid (blocks movement),no (level-geometry/greybox — not a collectible),,,excluded,no,no,no,"placed decoration only, not clickable"
/world/models/prototype/wall.glb,Wall,prototype,Props & Tools,furniture,category-fallback,1.745,solid (blocks movement),no (level-geometry/greybox — not a collectible),,,excluded,no,no,no,"placed decoration only, not clickable"
/world/models/prototype/wheelchair.glb,Wheelchair,prototype,Props & Tools,furniture,category-fallback,1.745,solid (blocks movement),no (level-geometry/greybox — not a collectible),,,excluded,no,no,no,"placed decoration only, not clickable"
/world/models/quaternius-buildings/1Story.glb,1 Story,quaternius-buildings,Buildings & Places,cityStructure,category-fallback,13.960,solid (blocks movement),yes,5000,50.00,paid,no,no,no,"placed decoration only, not clickable"
/world/models/quaternius-buildings/1Story_GableRoof.glb,1 Story Gable Roof,quaternius-buildings,Buildings & Places,furniture,keyword,0.873,solid (blocks movement),yes,500,5.00,paid,no,no,no,"placed decoration only, not clickable"
/world/models/quaternius-buildings/1Story_RoundRoof.glb,1 Story Round Roof,quaternius-buildings,Buildings & Places,furniture,keyword,0.873,solid (blocks movement),yes,500,5.00,paid,no,no,no,"placed decoration only, not clickable"
/world/models/quaternius-buildings/1Story_Sign.glb,1 Story Sign,quaternius-buildings,Buildings & Places,personScale,keyword,1.745,solid (blocks movement),yes,800,8.00,paid,no,no,no,"placed decoration only, not clickable"
/world/models/quaternius-buildings/2Story.glb,2 Story,quaternius-buildings,Buildings & Places,cityStructure,category-fallback,13.960,solid (blocks movement),yes,5000,50.00,paid,no,no,no,"placed decoration only, not clickable"
/world/models/quaternius-buildings/2Story_2.glb,2 Story 2,quaternius-buildings,Buildings & Places,cityStructure,category-fallback,13.960,solid (blocks movement),yes,5000,50.00,paid,no,no,no,"placed decoration only, not clickable"
/world/models/quaternius-buildings/2Story_Balcony.glb,2 Story Balcony,quaternius-buildings,Buildings & Places,cityStructure,category-fallback,13.960,solid (blocks movement),yes,5000,50.00,paid,no,no,no,"placed decoration only, not clickable"
/world/models/quaternius-buildings/2Story_Center.glb,2 Story Center,quaternius-buildings,Buildings & Places,cityStructure,category-fallback,13.960,solid (blocks movement),yes,5000,50.00,paid,no,no,no,"placed decoration only, not clickable"
/world/models/quaternius-buildings/2Story_Columns.glb,2 Story Columns,quaternius-buildings,Buildings & Places,personScale,keyword,1.745,solid (blocks movement),yes,800,8.00,paid,no,no,no,"placed decoration only, not clickable"
/world/models/quaternius-buildings/2Story_Double.glb,2 Story Double,quaternius-buildings,Buildings & Places,cityStructure,category-fallback,13.960,solid (blocks movement),yes,5000,50.00,paid,no,no,no,"placed decoration only, not clickable"
/world/models/quaternius-buildings/2Story_GableRoof.glb,2 Story Gable Roof,quaternius-buildings,Buildings & Places,furniture,keyword,0.873,solid (blocks movement),yes,500,5.00,paid,no,no,no,"placed decoration only, not clickable"
/world/models/quaternius-buildings/2Story_RoundRoof.glb,2 Story Round Roof,quaternius-buildings,Buildings & Places,furniture,keyword,0.873,solid (blocks movement),yes,500,5.00,paid,no,no,no,"placed decoration only, not clickable"
/world/models/quaternius-buildings/2Story_Sidehouse.glb,2 Story Sidehouse,quaternius-buildings,Buildings & Places,cityStructure,category-fallback,13.960,solid (blocks movement),yes,5000,50.00,paid,no,no,no,"placed decoration only, not clickable"
/world/models/quaternius-buildings/2Story_Sign.glb,2 Story Sign,quaternius-buildings,Buildings & Places,personScale,keyword,1.745,solid (blocks movement),yes,800,8.00,paid,no,no,no,"placed decoration only, not clickable"
/world/models/quaternius-buildings/2Story_Slim.glb,2 Story Slim,quaternius-buildings,Buildings & Places,cityStructure,category-fallback,13.960,solid (blocks movement),yes,5000,50.00,paid,no,no,no,"placed decoration only, not clickable"
/world/models/quaternius-buildings/2Story_Stairs.glb,2 Story Stairs,quaternius-buildings,Buildings & Places,cityStructure,category-fallback,13.960,solid (blocks movement),yes,5000,50.00,paid,no,no,no,"placed decoration only, not clickable"
/world/models/quaternius-buildings/2Story_Wide.glb,2 Story Wide,quaternius-buildings,Buildings & Places,cityStructure,category-fallback,13.960,solid (blocks movement),yes,5000,50.00,paid,no,no,no,"placed decoration only, not clickable"
/world/models/quaternius-buildings/2Story_Wide_2Doors.glb,2 Story Wide 2 Doors,quaternius-buildings,Buildings & Places,tallFurniture,keyword,1.745,solid (blocks movement),yes,600,6.00,paid,no,no,no,"placed decoration only, not clickable"
/world/models/quaternius-buildings/3Story_Balcony.glb,3 Story Balcony,quaternius-buildings,Buildings & Places,cityStructure,category-fallback,13.960,solid (blocks movement),yes,5000,50.00,paid,no,no,no,"placed decoration only, not clickable"
/world/models/quaternius-buildings/3Story_Slim.glb,3 Story Slim,quaternius-buildings,Buildings & Places,cityStructure,category-fallback,13.960,solid (blocks movement),yes,5000,50.00,paid,no,no,no,"placed decoration only, not clickable"
/world/models/quaternius-buildings/3Story_Small.glb,3 Story Small,quaternius-buildings,Buildings & Places,cityStructure,category-fallback,13.960,solid (blocks movement),yes,5000,50.00,paid,no,no,no,"placed decoration only, not clickable"
/world/models/quaternius-buildings/4Story.glb,4 Story,quaternius-buildings,Buildings & Places,cityStructure,category-fallback,13.960,solid (blocks movement),yes,5000,50.00,paid,no,no,no,"placed decoration only, not clickable"
/world/models/quaternius-buildings/4Story_Center.glb,4 Story Center,quaternius-buildings,Buildings & Places,cityStructure,category-fallback,13.960,solid (blocks movement),yes,5000,50.00,paid,no,no,no,"placed decoration only, not clickable"
/world/models/quaternius-buildings/4Story_Wide_2Doors.glb,4 Story Wide 2 Doors,quaternius-buildings,Buildings & Places,tallFurniture,keyword,1.745,solid (blocks movement),yes,600,6.00,paid,no,no,no,"placed decoration only, not clickable"
/world/models/quaternius-buildings/4Story_Wide_2Doors_Roof.glb,4 Story Wide 2 Doors Roof,quaternius-buildings,Buildings & Places,furniture,keyword,0.873,solid (blocks movement),yes,500,5.00,paid,no,no,no,"placed decoration only, not clickable"
/world/models/quaternius-buildings/6Story_Stack.glb,6 Story Stack,quaternius-buildings,Buildings & Places,cityStructure,category-fallback,13.960,solid (blocks movement),yes,5000,50.00,paid,no,no,no,"placed decoration only, not clickable"
/world/models/quaternius-buildings/BigBuilding.glb,Big Building,quaternius-buildings,Buildings & Places,cityStructure,category-fallback,13.960,solid (blocks movement),yes,5000,50.00,paid,no,no,no,"placed decoration only, not clickable"
/world/models/quaternius-buildings/TownCenter.glb,Town Center,quaternius-buildings,Buildings & Places,cityStructure,category-fallback,13.960,solid (blocks movement),yes,5000,50.00,paid,no,no,no,"placed decoration only, not clickable"
/world/models/quaternius-buildings/TownHouse.glb,Town House,quaternius-buildings,Buildings & Places,largeStructure,keyword,7.853,solid (blocks movement),yes,3500,35.00,paid,no,no,no,"placed decoration only, not clickable"
/world/models/quaternius-buildings/TownHouseB.glb,Town House B,quaternius-buildings,Buildings & Places,largeStructure,keyword,7.853,solid (blocks movement),yes,3500,35.00,paid,no,no,no,"placed decoration only, not clickable"
/world/models/resources/Copper_Bar.gltf,Copper Bar,resources,Nature & Animals,furniture,category-fallback,1.396,walkable (walk-through),yes,500,5.00,paid,no,yes,no,"static click-to-collect, same pattern as joke-card pickup"
/world/models/resources/Copper_Bars.gltf,Copper Bars,resources,Nature & Animals,furniture,category-fallback,1.396,walkable (walk-through),yes,500,5.00,paid,no,yes,no,"static click-to-collect, same pattern as joke-card pickup"
/world/models/resources/Copper_Bars_Stack_Large.gltf,Copper Bars Stack Large,resources,Nature & Animals,furniture,category-fallback,1.396,walkable (walk-through),yes,500,5.00,paid,no,yes,no,"static click-to-collect, same pattern as joke-card pickup"
/world/models/resources/Copper_Bars_Stack_Medium.gltf,Copper Bars Stack Medium,resources,Nature & Animals,furniture,category-fallback,1.396,walkable (walk-through),yes,500,5.00,paid,no,yes,no,"static click-to-collect, same pattern as joke-card pickup"
/world/models/resources/Copper_Bars_Stack_Small.gltf,Copper Bars Stack Small,resources,Nature & Animals,furniture,category-fallback,1.396,walkable (walk-through),yes,500,5.00,paid,no,yes,no,"static click-to-collect, same pattern as joke-card pickup"
/world/models/resources/Copper_Nugget_Large.gltf,Copper Nugget Large,resources,Nature & Animals,furniture,category-fallback,1.396,walkable (walk-through),yes,500,5.00,paid,no,yes,no,"static click-to-collect, same pattern as joke-card pickup"
/world/models/resources/Copper_Nugget_Medium.gltf,Copper Nugget Medium,resources,Nature & Animals,furniture,category-fallback,1.396,walkable (walk-through),yes,500,5.00,paid,no,yes,no,"static click-to-collect, same pattern as joke-card pickup"
/world/models/resources/Copper_Nugget_Small.gltf,Copper Nugget Small,resources,Nature & Animals,furniture,category-fallback,1.396,walkable (walk-through),yes,500,5.00,paid,no,yes,no,"static click-to-collect, same pattern as joke-card pickup"
/world/models/resources/Copper_Nuggets.gltf,Copper Nuggets,resources,Nature & Animals,furniture,category-fallback,1.396,walkable (walk-through),yes,500,5.00,paid,no,yes,no,"static click-to-collect, same pattern as joke-card pickup"
/world/models/resources/Fuel_A_Barrel.gltf,Fuel A Barrel,resources,Nature & Animals,furniture,keyword,0.873,walkable (walk-through),yes,500,5.00,paid,no,yes,no,"static click-to-collect, same pattern as joke-card pickup"
/world/models/resources/Fuel_A_Barrel_Dirty.gltf,Fuel A Barrel Dirty,resources,Nature & Animals,furniture,keyword,0.873,walkable (walk-through),yes,500,5.00,paid,no,yes,no,"static click-to-collect, same pattern as joke-card pickup"
/world/models/resources/Fuel_A_Barrels.gltf,Fuel A Barrels,resources,Nature & Animals,furniture,keyword,0.873,walkable (walk-through),yes,500,5.00,paid,no,yes,no,"static click-to-collect, same pattern as joke-card pickup"
/world/models/resources/Fuel_A_Jerrycan.gltf,Fuel A Jerrycan,resources,Nature & Animals,furniture,category-fallback,1.396,walkable (walk-through),yes,500,5.00,paid,no,yes,no,"static click-to-collect, same pattern as joke-card pickup"
/world/models/resources/Fuel_B_Barrel.gltf,Fuel B Barrel,resources,Nature & Animals,furniture,keyword,0.873,walkable (walk-through),yes,500,5.00,paid,no,yes,no,"static click-to-collect, same pattern as joke-card pickup"
/world/models/resources/Fuel_B_Barrel_Dirty.gltf,Fuel B Barrel Dirty,resources,Nature & Animals,furniture,keyword,0.873,walkable (walk-through),yes,500,5.00,paid,no,yes,no,"static click-to-collect, same pattern as joke-card pickup"
/world/models/resources/Fuel_B_Barrels.gltf,Fuel B Barrels,resources,Nature & Animals,furniture,keyword,0.873,walkable (walk-through),yes,500,5.00,paid,no,yes,no,"static click-to-collect, same pattern as joke-card pickup"
/world/models/resources/Fuel_B_Jerrycan.gltf,Fuel B Jerrycan,resources,Nature & Animals,furniture,category-fallback,1.396,walkable (walk-through),yes,500,5.00,paid,no,yes,no,"static click-to-collect, same pattern as joke-card pickup"
/world/models/resources/Fuel_C_Barrel.gltf,Fuel C Barrel,resources,Nature & Animals,furniture,keyword,0.873,walkable (walk-through),yes,500,5.00,paid,no,yes,no,"static click-to-collect, same pattern as joke-card pickup"
/world/models/resources/Fuel_C_Barrel_Dirty.gltf,Fuel C Barrel Dirty,resources,Nature & Animals,furniture,keyword,0.873,walkable (walk-through),yes,500,5.00,paid,no,yes,no,"static click-to-collect, same pattern as joke-card pickup"
/world/models/resources/Fuel_C_Barrels.gltf,Fuel C Barrels,resources,Nature & Animals,furniture,keyword,0.873,walkable (walk-through),yes,500,5.00,paid,no,yes,no,"static click-to-collect, same pattern as joke-card pickup"
/world/models/resources/Fuel_C_Jerrycan.gltf,Fuel C Jerrycan,resources,Nature & Animals,furniture,category-fallback,1.396,walkable (walk-through),yes,500,5.00,paid,no,yes,no,"static click-to-collect, same pattern as joke-card pickup"
/world/models/resources/Gold_Bar.gltf,Gold Bar,resources,Nature & Animals,furniture,category-fallback,1.396,walkable (walk-through),yes,500,5.00,paid,no,yes,no,"static click-to-collect, same pattern as joke-card pickup"
/world/models/resources/Gold_Bars.gltf,Gold Bars,resources,Nature & Animals,furniture,category-fallback,1.396,walkable (walk-through),yes,500,5.00,paid,no,yes,no,"static click-to-collect, same pattern as joke-card pickup"
/world/models/resources/Gold_Bars_Stack_Large.gltf,Gold Bars Stack Large,resources,Nature & Animals,furniture,category-fallback,1.396,walkable (walk-through),yes,500,5.00,paid,no,yes,no,"static click-to-collect, same pattern as joke-card pickup"
/world/models/resources/Gold_Bars_Stack_Medium.gltf,Gold Bars Stack Medium,resources,Nature & Animals,furniture,category-fallback,1.396,walkable (walk-through),yes,500,5.00,paid,no,yes,no,"static click-to-collect, same pattern as joke-card pickup"
/world/models/resources/Gold_Bars_Stack_Small.gltf,Gold Bars Stack Small,resources,Nature & Animals,furniture,category-fallback,1.396,walkable (walk-through),yes,500,5.00,paid,no,yes,no,"static click-to-collect, same pattern as joke-card pickup"
/world/models/resources/Gold_Nugget_Large.gltf,Gold Nugget Large,resources,Nature & Animals,furniture,category-fallback,1.396,walkable (walk-through),yes,500,5.00,paid,no,yes,no,"static click-to-collect, same pattern as joke-card pickup"
/world/models/resources/Gold_Nugget_Medium.gltf,Gold Nugget Medium,resources,Nature & Animals,furniture,category-fallback,1.396,walkable (walk-through),yes,500,5.00,paid,no,yes,no,"static click-to-collect, same pattern as joke-card pickup"
/world/models/resources/Gold_Nugget_Small.gltf,Gold Nugget Small,resources,Nature & Animals,furniture,category-fallback,1.396,walkable (walk-through),yes,500,5.00,paid,no,yes,no,"static click-to-collect, same pattern as joke-card pickup"
/world/models/resources/Gold_Nuggets.gltf,Gold Nuggets,resources,Nature & Animals,furniture,category-fallback,1.396,walkable (walk-through),yes,500,5.00,paid,no,yes,no,"static click-to-collect, same pattern as joke-card pickup"
/world/models/resources/Iron_Bar.gltf,Iron Bar,resources,Nature & Animals,furniture,category-fallback,1.396,walkable (walk-through),yes,500,5.00,paid,no,yes,no,"static click-to-collect, same pattern as joke-card pickup"
/world/models/resources/Iron_Bars.gltf,Iron Bars,resources,Nature & Animals,furniture,category-fallback,1.396,walkable (walk-through),yes,500,5.00,paid,no,yes,no,"static click-to-collect, same pattern as joke-card pickup"
/world/models/resources/Iron_Bars_Stack_Large.gltf,Iron Bars Stack Large,resources,Nature & Animals,furniture,category-fallback,1.396,walkable (walk-through),yes,500,5.00,paid,no,yes,no,"static click-to-collect, same pattern as joke-card pickup"
/world/models/resources/Iron_Bars_Stack_Medium.gltf,Iron Bars Stack Medium,resources,Nature & Animals,furniture,category-fallback,1.396,walkable (walk-through),yes,500,5.00,paid,no,yes,no,"static click-to-collect, same pattern as joke-card pickup"
/world/models/resources/Iron_Bars_Stack_Small.gltf,Iron Bars Stack Small,resources,Nature & Animals,furniture,category-fallback,1.396,walkable (walk-through),yes,500,5.00,paid,no,yes,no,"static click-to-collect, same pattern as joke-card pickup"
/world/models/resources/Iron_Nugget_Large.gltf,Iron Nugget Large,resources,Nature & Animals,furniture,category-fallback,1.396,walkable (walk-through),yes,500,5.00,paid,no,yes,no,"static click-to-collect, same pattern as joke-card pickup"
/world/models/resources/Iron_Nugget_Medium.gltf,Iron Nugget Medium,resources,Nature & Animals,furniture,category-fallback,1.396,walkable (walk-through),yes,500,5.00,paid,no,yes,no,"static click-to-collect, same pattern as joke-card pickup"
/world/models/resources/Iron_Nugget_Small.gltf,Iron Nugget Small,resources,Nature & Animals,furniture,category-fallback,1.396,walkable (walk-through),yes,500,5.00,paid,no,yes,no,"static click-to-collect, same pattern as joke-card pickup"
/world/models/resources/Iron_Nuggets.gltf,Iron Nuggets,resources,Nature & Animals,furniture,category-fallback,1.396,walkable (walk-through),yes,500,5.00,paid,no,yes,no,"static click-to-collect, same pattern as joke-card pickup"
/world/models/resources/Pallet_Wood.gltf,Pallet Wood,resources,Nature & Animals,furniture,category-fallback,1.396,walkable (walk-through),yes,500,5.00,paid,no,yes,no,"static click-to-collect, same pattern as joke-card pickup"
/world/models/resources/Pallet_Wood_Covered_A.gltf,Pallet Wood Covered A,resources,Nature & Animals,furniture,category-fallback,1.396,walkable (walk-through),yes,500,5.00,paid,no,yes,no,"static click-to-collect, same pattern as joke-card pickup"
/world/models/resources/Pallet_Wood_Covered_B.gltf,Pallet Wood Covered B,resources,Nature & Animals,furniture,category-fallback,1.396,walkable (walk-through),yes,500,5.00,paid,no,yes,no,"static click-to-collect, same pattern as joke-card pickup"
/world/models/resources/Parts_Cog.gltf,Parts Cog,resources,Nature & Animals,furniture,category-fallback,1.396,walkable (walk-through),yes,500,5.00,paid,no,yes,no,"static click-to-collect, same pattern as joke-card pickup"
/world/models/resources/Parts_Pile_Large.gltf,Parts Pile Large,resources,Nature & Animals,furniture,category-fallback,1.396,walkable (walk-through),yes,500,5.00,paid,no,yes,no,"static click-to-collect, same pattern as joke-card pickup"
/world/models/resources/Parts_Pile_Medium.gltf,Parts Pile Medium,resources,Nature & Animals,furniture,category-fallback,1.396,walkable (walk-through),yes,500,5.00,paid,no,yes,no,"static click-to-collect, same pattern as joke-card pickup"
/world/models/resources/Parts_Pile_Small.gltf,Parts Pile Small,resources,Nature & Animals,furniture,category-fallback,1.396,walkable (walk-through),yes,500,5.00,paid,no,yes,no,"static click-to-collect, same pattern as joke-card pickup"
/world/models/resources/Silver_Bar.gltf,Silver Bar,resources,Nature & Animals,furniture,category-fallback,1.396,walkable (walk-through),yes,500,5.00,paid,no,yes,no,"static click-to-collect, same pattern as joke-card pickup"
/world/models/resources/Silver_Bars.gltf,Silver Bars,resources,Nature & Animals,furniture,category-fallback,1.396,walkable (walk-through),yes,500,5.00,paid,no,yes,no,"static click-to-collect, same pattern as joke-card pickup"
/world/models/resources/Silver_Bars_Stack_Large.gltf,Silver Bars Stack Large,resources,Nature & Animals,furniture,category-fallback,1.396,walkable (walk-through),yes,500,5.00,paid,no,yes,no,"static click-to-collect, same pattern as joke-card pickup"
/world/models/resources/Silver_Bars_Stack_Medium.gltf,Silver Bars Stack Medium,resources,Nature & Animals,furniture,category-fallback,1.396,walkable (walk-through),yes,500,5.00,paid,no,yes,no,"static click-to-collect, same pattern as joke-card pickup"
/world/models/resources/Silver_Bars_Stack_Small.gltf,Silver Bars Stack Small,resources,Nature & Animals,furniture,category-fallback,1.396,walkable (walk-through),yes,500,5.00,paid,no,yes,no,"static click-to-collect, same pattern as joke-card pickup"
/world/models/resources/Silver_Nugget_Large.gltf,Silver Nugget Large,resources,Nature & Animals,furniture,category-fallback,1.396,walkable (walk-through),yes,500,5.00,paid,no,yes,no,"static click-to-collect, same pattern as joke-card pickup"
/world/models/resources/Silver_Nugget_Medium.gltf,Silver Nugget Medium,resources,Nature & Animals,furniture,category-fallback,1.396,walkable (walk-through),yes,500,5.00,paid,no,yes,no,"static click-to-collect, same pattern as joke-card pickup"
/world/models/resources/Silver_Nugget_Small.gltf,Silver Nugget Small,resources,Nature & Animals,furniture,category-fallback,1.396,walkable (walk-through),yes,500,5.00,paid,no,yes,no,"static click-to-collect, same pattern as joke-card pickup"
/world/models/resources/Silver_Nuggets.gltf,Silver Nuggets,resources,Nature & Animals,furniture,category-fallback,1.396,walkable (walk-through),yes,500,5.00,paid,no,yes,no,"static click-to-collect, same pattern as joke-card pickup"
/world/models/resources/Stone_Brick.gltf,Stone Brick,resources,Nature & Animals,furniture,category-fallback,1.396,walkable (walk-through),yes,500,5.00,paid,no,yes,no,"static click-to-collect, same pattern as joke-card pickup"
/world/models/resources/Stone_Bricks_Stack_Large.gltf,Stone Bricks Stack Large,resources,Nature & Animals,furniture,category-fallback,1.396,walkable (walk-through),yes,500,5.00,paid,no,yes,no,"static click-to-collect, same pattern as joke-card pickup"
/world/models/resources/Stone_Bricks_Stack_Medium.gltf,Stone Bricks Stack Medium,resources,Nature & Animals,furniture,category-fallback,1.396,walkable (walk-through),yes,500,5.00,paid,no,yes,no,"static click-to-collect, same pattern as joke-card pickup"
/world/models/resources/Stone_Bricks_Stack_Small.gltf,Stone Bricks Stack Small,resources,Nature & Animals,furniture,category-fallback,1.396,walkable (walk-through),yes,500,5.00,paid,no,yes,no,"static click-to-collect, same pattern as joke-card pickup"
/world/models/resources/Stone_Chunks_Large.gltf,Stone Chunks Large,resources,Nature & Animals,furniture,category-fallback,1.396,walkable (walk-through),yes,500,5.00,paid,no,yes,no,"static click-to-collect, same pattern as joke-card pickup"
/world/models/resources/Stone_Chunks_Small.gltf,Stone Chunks Small,resources,Nature & Animals,furniture,category-fallback,1.396,walkable (walk-through),yes,500,5.00,paid,no,yes,no,"static click-to-collect, same pattern as joke-card pickup"
/world/models/resources/Textiles_A.gltf,Textiles A,resources,Nature & Animals,furniture,category-fallback,1.396,walkable (walk-through),yes,500,5.00,paid,no,yes,no,"static click-to-collect, same pattern as joke-card pickup"
/world/models/resources/Textiles_B.gltf,Textiles B,resources,Nature & Animals,furniture,category-fallback,1.396,walkable (walk-through),yes,500,5.00,paid,no,yes,no,"static click-to-collect, same pattern as joke-card pickup"
/world/models/resources/Textiles_C.gltf,Textiles C,resources,Nature & Animals,furniture,category-fallback,1.396,walkable (walk-through),yes,500,5.00,paid,no,yes,no,"static click-to-collect, same pattern as joke-card pickup"
/world/models/resources/Textiles_Stack_Large.gltf,Textiles Stack Large,resources,Nature & Animals,furniture,category-fallback,1.396,walkable (walk-through),yes,500,5.00,paid,no,yes,no,"static click-to-collect, same pattern as joke-card pickup"
/world/models/resources/Textiles_Stack_Large_Colored.gltf,Textiles Stack Large Colored,resources,Nature & Animals,furniture,category-fallback,1.396,walkable (walk-through),yes,500,5.00,paid,no,yes,no,"static click-to-collect, same pattern as joke-card pickup"
/world/models/resources/Textiles_Stack_Small.gltf,Textiles Stack Small,resources,Nature & Animals,furniture,category-fallback,1.396,walkable (walk-through),yes,500,5.00,paid,no,yes,no,"static click-to-collect, same pattern as joke-card pickup"
/world/models/resources/Wood_Log_A.gltf,Wood Log A,resources,Nature & Animals,furniture,category-fallback,1.396,walkable (walk-through),yes,500,5.00,paid,no,yes,no,"static click-to-collect, same pattern as joke-card pickup"
/world/models/resources/Wood_Log_B.gltf,Wood Log B,resources,Nature & Animals,furniture,category-fallback,1.396,walkable (walk-through),yes,500,5.00,paid,no,yes,no,"static click-to-collect, same pattern as joke-card pickup"
/world/models/resources/Wood_Log_Stack.gltf,Wood Log Stack,resources,Nature & Animals,furniture,category-fallback,1.396,walkable (walk-through),yes,500,5.00,paid,no,yes,no,"static click-to-collect, same pattern as joke-card pickup"
/world/models/resources/Wood_Plank_A.gltf,Wood Plank A,resources,Nature & Animals,furniture,category-fallback,1.396,walkable (walk-through),yes,500,5.00,paid,no,yes,no,"static click-to-collect, same pattern as joke-card pickup"
/world/models/resources/Wood_Plank_B.gltf,Wood Plank B,resources,Nature & Animals,furniture,category-fallback,1.396,walkable (walk-through),yes,500,5.00,paid,no,yes,no,"static click-to-collect, same pattern as joke-card pickup"
/world/models/resources/Wood_Plank_C.gltf,Wood Plank C,resources,Nature & Animals,furniture,category-fallback,1.396,walkable (walk-through),yes,500,5.00,paid,no,yes,no,"static click-to-collect, same pattern as joke-card pickup"
/world/models/resources/Wood_Planks_Stack_Large.gltf,Wood Planks Stack Large,resources,Nature & Animals,furniture,category-fallback,1.396,walkable (walk-through),yes,500,5.00,paid,no,yes,no,"static click-to-collect, same pattern as joke-card pickup"
/world/models/resources/Wood_Planks_Stack_Medium.gltf,Wood Planks Stack Medium,resources,Nature & Animals,furniture,category-fallback,1.396,walkable (walk-through),yes,500,5.00,paid,no,yes,no,"static click-to-collect, same pattern as joke-card pickup"
/world/models/resources/Wood_Planks_Stack_Small.gltf,Wood Planks Stack Small,resources,Nature & Animals,furniture,category-fallback,1.396,walkable (walk-through),yes,500,5.00,paid,no,yes,no,"static click-to-collect, same pattern as joke-card pickup"
/world/models/restaurant/Arcade_Cabinet.glb,Arcade Cabinet,restaurant,Buildings & Places,furniture,keyword,0.873,solid (blocks movement),yes,500,5.00,paid,no,no,no,"placed decoration only, not clickable"
/world/models/restaurant/Awning_A.glb,Awning A,restaurant,Buildings & Places,furniture,keyword,0.873,solid (blocks movement),yes,500,5.00,paid,no,no,no,"placed decoration only, not clickable"
/world/models/restaurant/Back_Bar_A.glb,Back Bar A,restaurant,Buildings & Places,furniture,keyword,0.873,solid (blocks movement),yes,500,5.00,paid,no,no,no,"placed decoration only, not clickable"
/world/models/restaurant/Bacon_Eggs.glb,Bacon Eggs,restaurant,Buildings & Places,tiny,keyword,0.218,solid (blocks movement),yes,50,0.50,paid,no,yes,no,static click-to-collect
/world/models/restaurant/Blender.glb,Blender,restaurant,Buildings & Places,tiny,keyword,0.218,solid (blocks movement),yes,50,0.50,paid,no,yes,no,static click-to-collect
/world/models/restaurant/Booth_Seat_A.glb,Booth Seat A,restaurant,Buildings & Places,furniture,keyword,0.873,solid (blocks movement),yes,500,5.00,paid,no,no,no,"placed decoration only, not clickable"
/world/models/restaurant/Bread_Box_A.glb,Bread Box A,restaurant,Buildings & Places,tiny,keyword,0.218,solid (blocks movement),yes,50,0.50,paid,no,yes,no,static click-to-collect
/world/models/restaurant/Burger_A.glb,Burger A,restaurant,Buildings & Places,tiny,keyword,0.218,solid (blocks movement),yes,50,0.50,paid,no,yes,no,static click-to-collect
/world/models/restaurant/Cafe_Table_A.glb,Cafe Table A,restaurant,Buildings & Places,furniture,keyword,0.873,solid (blocks movement),yes,500,5.00,paid,no,no,no,"placed decoration only, not clickable"
/world/models/restaurant/Coffee_Cup_A.glb,Coffee Cup A,restaurant,Buildings & Places,tiny,keyword,0.218,solid (blocks movement),yes,50,0.50,paid,no,yes,no,static click-to-collect
/world/models/restaurant/Deep_Fryer_A.glb,Deep Fryer A,restaurant,Buildings & Places,smallObject,keyword,0.436,solid (blocks movement),yes,150,1.50,paid,no,yes,no,static click-to-collect
/world/models/restaurant/Diner_Sign_A.glb,Diner Sign A,restaurant,Buildings & Places,personScale,keyword,1.745,solid (blocks movement),yes,800,8.00,paid,no,no,no,"placed decoration only, not clickable"
/world/models/restaurant/Environment_Arch.gltf,Environment Arch,restaurant,Buildings & Places,furniture,category-fallback,1.396,solid (blocks movement),yes,500,5.00,paid,no,no,no,"placed decoration only, not clickable"
/world/models/restaurant/Environment_Bench.gltf,Environment Bench,restaurant,Buildings & Places,furniture,keyword,0.873,solid (blocks movement),yes,500,5.00,paid,no,no,no,"placed decoration only, not clickable"
/world/models/restaurant/Environment_Bottle.gltf,Environment Bottle,restaurant,Buildings & Places,tiny,keyword,0.218,solid (blocks movement),yes,50,0.50,paid,no,yes,no,static click-to-collect
/world/models/restaurant/Environment_Bottles.gltf,Environment Bottles,restaurant,Buildings & Places,furniture,category-fallback,1.396,solid (blocks movement),yes,500,5.00,paid,no,no,no,"placed decoration only, not clickable"
/world/models/restaurant/Environment_Bowl.gltf,Environment Bowl,restaurant,Buildings & Places,tiny,keyword,0.218,solid (blocks movement),yes,50,0.50,paid,no,yes,no,static click-to-collect
/world/models/restaurant/Environment_Cabinet_Corner.gltf,Environment Cabinet Corner,restaurant,Buildings & Places,furniture,keyword,0.873,solid (blocks movement),yes,500,5.00,paid,no,no,no,"placed decoration only, not clickable"
/world/models/restaurant/Environment_Cabinet_Doors.gltf,Environment Cabinet Doors,restaurant,Buildings & Places,furniture,keyword,0.873,solid (blocks movement),yes,500,5.00,paid,no,no,no,"placed decoration only, not clickable"
/world/models/restaurant/Environment_Cabinet_Shelves.gltf,Environment Cabinet Shelves,restaurant,Buildings & Places,furniture,keyword,0.873,solid (blocks movement),yes,500,5.00,paid,no,no,no,"placed decoration only, not clickable"
/world/models/restaurant/Environment_Cabinet_Shelves_2.gltf,Environment Cabinet Shelves 2,restaurant,Buildings & Places,furniture,keyword,0.873,solid (blocks movement),yes,500,5.00,paid,no,no,no,"placed decoration only, not clickable"
/world/models/restaurant/Environment_CanFridge.gltf,Environment Can Fridge,restaurant,Buildings & Places,furniture,category-fallback,1.396,solid (blocks movement),yes,500,5.00,paid,no,no,no,"placed decoration only, not clickable"
/world/models/restaurant/Environment_Chair1.gltf,Environment Chair1,restaurant,Buildings & Places,furniture,keyword,0.873,solid (blocks movement),yes,500,5.00,paid,no,no,no,"placed decoration only, not clickable"
/world/models/restaurant/Environment_Chair2.gltf,Environment Chair2,restaurant,Buildings & Places,furniture,keyword,0.873,solid (blocks movement),yes,500,5.00,paid,no,no,no,"placed decoration only, not clickable"
/world/models/restaurant/Environment_ChukamanSteamer.gltf,Environment Chukaman Steamer,restaurant,Buildings & Places,furniture,category-fallback,1.396,solid (blocks movement),yes,500,5.00,paid,no,no,no,"placed decoration only, not clickable"
/world/models/restaurant/Environment_Counter_Corner.gltf,Environment Counter Corner,restaurant,Buildings & Places,furniture,category-fallback,1.396,solid (blocks movement),yes,500,5.00,paid,no,no,no,"placed decoration only, not clickable"
/world/models/restaurant/Environment_Counter_Door.gltf,Environment Counter Door,restaurant,Buildings & Places,tallFurniture,keyword,1.745,solid (blocks movement),yes,600,6.00,paid,no,no,no,"placed decoration only, not clickable"
/world/models/restaurant/Environment_Counter_Doors.gltf,Environment Counter Doors,restaurant,Buildings & Places,tallFurniture,keyword,1.745,solid (blocks movement),yes,600,6.00,paid,no,no,no,"placed decoration only, not clickable"
/world/models/restaurant/Environment_Counter_Drawers.gltf,Environment Counter Drawers,restaurant,Buildings & Places,smallObject,keyword,0.436,solid (blocks movement),yes,150,1.50,paid,no,yes,no,static click-to-collect
/world/models/restaurant/Environment_Counter_End.gltf,Environment Counter End,restaurant,Buildings & Places,furniture,category-fallback,1.396,solid (blocks movement),yes,500,5.00,paid,no,no,no,"placed decoration only, not clickable"
/world/models/restaurant/Environment_Counter_Sink.gltf,Environment Counter Sink,restaurant,Buildings & Places,furniture,keyword,0.873,solid (blocks movement),yes,500,5.00,paid,no,no,no,"placed decoration only, not clickable"
/world/models/restaurant/Environment_Counter_Straight.gltf,Environment Counter Straight,restaurant,Buildings & Places,furniture,category-fallback,1.396,solid (blocks movement),yes,500,5.00,paid,no,no,no,"placed decoration only, not clickable"
/world/models/restaurant/Environment_Counter_Straight_2.gltf,Environment Counter Straight 2,restaurant,Buildings & Places,furniture,category-fallback,1.396,solid (blocks movement),yes,500,5.00,paid,no,no,no,"placed decoration only, not clickable"
/world/models/restaurant/Environment_CuttingTable.gltf,Environment Cutting Table,restaurant,Buildings & Places,furniture,keyword,0.873,solid (blocks movement),yes,500,5.00,paid,no,no,no,"placed decoration only, not clickable"
/world/models/restaurant/Environment_Fridge.gltf,Environment Fridge,restaurant,Buildings & Places,furniture,category-fallback,1.396,solid (blocks movement),yes,500,5.00,paid,no,no,no,"placed decoration only, not clickable"
/world/models/restaurant/Environment_Oven.gltf,Environment Oven,restaurant,Buildings & Places,furniture,category-fallback,1.396,solid (blocks movement),yes,500,5.00,paid,no,no,no,"placed decoration only, not clickable"
/world/models/restaurant/Environment_Pan.gltf,Environment Pan,restaurant,Buildings & Places,furniture,category-fallback,1.396,solid (blocks movement),yes,500,5.00,paid,no,no,no,"placed decoration only, not clickable"
/world/models/restaurant/Environment_Plate.gltf,Environment Plate,restaurant,Buildings & Places,tiny,keyword,0.218,solid (blocks movement),yes,50,0.50,paid,no,yes,no,static click-to-collect
/world/models/restaurant/Environment_Pot_1_Empty.gltf,Environment Pot 1 Empty,restaurant,Buildings & Places,smallObject,keyword,0.436,solid (blocks movement),yes,150,1.50,paid,no,yes,no,static click-to-collect
/world/models/restaurant/Environment_Pot_1_Filled.gltf,Environment Pot 1 Filled,restaurant,Buildings & Places,smallObject,keyword,0.436,solid (blocks movement),yes,150,1.50,paid,no,yes,no,static click-to-collect
/world/models/restaurant/Environment_Pot_2_Empty.gltf,Environment Pot 2 Empty,restaurant,Buildings & Places,smallObject,keyword,0.436,solid (blocks movement),yes,150,1.50,paid,no,yes,no,static click-to-collect
/world/models/restaurant/Environment_Pot_2_Filled.gltf,Environment Pot 2 Filled,restaurant,Buildings & Places,smallObject,keyword,0.436,solid (blocks movement),yes,150,1.50,paid,no,yes,no,static click-to-collect
/world/models/restaurant/Environment_Sofa.gltf,Environment Sofa,restaurant,Buildings & Places,furniture,keyword,0.873,solid (blocks movement),yes,500,5.00,paid,no,no,no,"placed decoration only, not clickable"
/world/models/restaurant/Environment_Stool.gltf,Environment Stool,restaurant,Buildings & Places,furniture,keyword,0.873,solid (blocks movement),yes,500,5.00,paid,no,no,no,"placed decoration only, not clickable"
/world/models/restaurant/Environment_Table.gltf,Environment Table,restaurant,Buildings & Places,furniture,keyword,0.873,solid (blocks movement),yes,500,5.00,paid,no,no,no,"placed decoration only, not clickable"
/world/models/restaurant/Environment_ToriiGate.gltf,Environment Torii Gate,restaurant,Buildings & Places,furniture,category-fallback,1.396,solid (blocks movement),yes,500,5.00,paid,no,no,no,"placed decoration only, not clickable"
/world/models/restaurant/Environment_WoodenBeam.gltf,Environment Wooden Beam,restaurant,Buildings & Places,furniture,category-fallback,1.396,solid (blocks movement),yes,500,5.00,paid,no,no,no,"placed decoration only, not clickable"
/world/models/restaurant/Environment_WoodenBoard.gltf,Environment Wooden Board,restaurant,Buildings & Places,furniture,category-fallback,1.396,solid (blocks movement),yes,500,5.00,paid,no,no,no,"placed decoration only, not clickable"
/world/models/restaurant/Floor_Kitchen1.gltf,Floor Kitchen1,restaurant,Buildings & Places,furniture,keyword,0.873,solid (blocks movement),yes,500,5.00,paid,no,no,no,"placed decoration only, not clickable"
/world/models/restaurant/Floor_Kitchen2.gltf,Floor Kitchen2,restaurant,Buildings & Places,furniture,keyword,0.873,solid (blocks movement),yes,500,5.00,paid,no,no,no,"placed decoration only, not clickable"
/world/models/restaurant/Floor_Tiles.gltf,Floor Tiles,restaurant,Buildings & Places,furniture,keyword,0.873,solid (blocks movement),yes,500,5.00,paid,no,no,no,"placed decoration only, not clickable"
/world/models/restaurant/Floor_Wood.gltf,Floor Wood,restaurant,Buildings & Places,furniture,keyword,0.873,solid (blocks movement),yes,500,5.00,paid,no,no,no,"placed decoration only, not clickable"
/world/models/restaurant/Floor_Wood_Broken.gltf,Floor Wood Broken,restaurant,Buildings & Places,furniture,keyword,0.873,solid (blocks movement),yes,500,5.00,paid,no,no,no,"placed decoration only, not clickable"
/world/models/restaurant/Truck.gltf,Truck,restaurant,Buildings & Places,furniture,category-fallback,1.396,solid (blocks movement),yes,500,5.00,paid,no,no,no,"placed decoration only, not clickable"
/world/models/restaurant/Wall_Door.gltf,Wall Door,restaurant,Buildings & Places,tallFurniture,keyword,1.745,solid (blocks movement),yes,600,6.00,paid,no,no,no,"placed decoration only, not clickable"
/world/models/restaurant/Wall_Normal.gltf,Wall Normal,restaurant,Buildings & Places,furniture,category-fallback,1.396,solid (blocks movement),yes,500,5.00,paid,no,no,no,"placed decoration only, not clickable"
/world/models/restaurant/Wall_RedWood.gltf,Wall Red Wood,restaurant,Buildings & Places,furniture,category-fallback,1.396,solid (blocks movement),yes,500,5.00,paid,no,no,no,"placed decoration only, not clickable"
/world/models/restaurant/Wall_Shelves.gltf,Wall Shelves,restaurant,Buildings & Places,furniture,category-fallback,1.396,solid (blocks movement),yes,500,5.00,paid,no,no,no,"placed decoration only, not clickable"
/world/models/restaurant/Wall_Shoji.gltf,Wall Shoji,restaurant,Buildings & Places,furniture,category-fallback,1.396,solid (blocks movement),yes,500,5.00,paid,no,no,no,"placed decoration only, not clickable"
/world/models/restaurant/Wall_Shoji_Interior.gltf,Wall Shoji Interior,restaurant,Buildings & Places,furniture,category-fallback,1.396,solid (blocks movement),yes,500,5.00,paid,no,no,no,"placed decoration only, not clickable"
/world/models/restaurant/Wall_Stains.gltf,Wall Stains,restaurant,Buildings & Places,furniture,category-fallback,1.396,solid (blocks movement),yes,500,5.00,paid,no,no,no,"placed decoration only, not clickable"
/world/models/roads/road-bend-sidewalk.glb,Road Bend Sidewalk,roads,Buildings & Places,furniture,category-fallback,1.745,walkable (walk-through),yes,0,0.00,free-infrastructure,no,no,no,"placed decoration only, not clickable"
/world/models/roads/road-crossroad-path.glb,Road Crossroad Path,roads,Buildings & Places,furniture,category-fallback,1.745,walkable (walk-through),yes,0,0.00,free-infrastructure,no,no,no,"placed decoration only, not clickable"
/world/models/roads/road-side.glb,Road Side,roads,Buildings & Places,furniture,category-fallback,1.745,walkable (walk-through),yes,0,0.00,free-infrastructure,no,no,no,"placed decoration only, not clickable"
/world/models/roads/road-straight.glb,Road Straight,roads,Buildings & Places,furniture,category-fallback,1.745,walkable (walk-through),yes,0,0.00,free-infrastructure,no,no,no,"placed decoration only, not clickable"
/world/models/scifi/Access_Card.glb,Access Card,scifi,Seasonal & Themed,tiny,keyword,0.218,walkable (walk-through),yes,63,0.63,paid,no,yes,no,static click-to-collect
/world/models/scifi/Air_Compressor.glb,Air Compressor,scifi,Seasonal & Themed,smallObject,keyword,0.436,walkable (walk-through),yes,188,1.88,paid,no,yes,no,static click-to-collect
/world/models/scifi/Airlock_Frame.glb,Airlock Frame,scifi,Seasonal & Themed,personScale,category-fallback,3.490,walkable (walk-through),yes,1000,10.00,paid,no,no,no,"placed decoration only, not clickable"
/world/models/scifi/Arcade_Cabinet.glb,Arcade Cabinet,scifi,Seasonal & Themed,furniture,keyword,0.873,walkable (walk-through),yes,625,6.25,paid,no,no,no,"placed decoration only, not clickable"
/world/models/scifi/Backpack.glb,Backpack,scifi,Seasonal & Themed,smallObject,keyword,0.436,walkable (walk-through),yes,188,1.88,paid,no,yes,no,static click-to-collect
/world/models/scifi/Bar_Stool.glb,Bar Stool,scifi,Seasonal & Themed,furniture,keyword,0.873,walkable (walk-through),yes,625,6.25,paid,no,no,no,"placed decoration only, not clickable"
/world/models/scifi/Battery_Charger.glb,Battery Charger,scifi,Seasonal & Themed,smallObject,keyword,0.436,walkable (walk-through),yes,188,1.88,paid,no,yes,no,static click-to-collect
/world/models/scifi/Battery_Rack_Module.glb,Battery Rack Module,scifi,Seasonal & Themed,smallObject,keyword,0.436,walkable (walk-through),yes,188,1.88,paid,no,yes,no,static click-to-collect
/world/models/scifi/Beacon.glb,Beacon,scifi,Seasonal & Themed,tiny,keyword,0.218,walkable (walk-through),yes,63,0.63,paid,no,yes,no,static click-to-collect
/world/models/scifi/Bowl.glb,Bowl,scifi,Seasonal & Themed,tiny,keyword,0.218,walkable (walk-through),yes,63,0.63,paid,no,yes,no,static click-to-collect
/world/models/scifi/Camera_Drone.glb,Camera Drone,scifi,Seasonal & Themed,tiny,keyword,0.218,walkable (walk-through),yes,63,0.63,paid,no,yes,no,static click-to-collect
/world/models/scifi/Coffee_Brewer.glb,Coffee Brewer,scifi,Seasonal & Themed,personScale,category-fallback,3.490,walkable (walk-through),yes,1000,10.00,paid,no,no,no,"placed decoration only, not clickable"
/world/models/structures/classroom.glb,Classroom,structures,Buildings & Places,personScale,category-fallback,4.363,solid (blocks movement),yes,800,8.00,paid,no,no,no,"placed decoration only, not clickable"
/world/models/structures/gazebo.glb,Gazebo,structures,Buildings & Places,personScale,category-fallback,4.363,solid (blocks movement),yes,800,8.00,paid,no,no,no,"placed decoration only, not clickable"
/world/models/structures/modular-chimney.glb,Modular Chimney,structures,Buildings & Places,personScale,category-fallback,4.363,solid (blocks movement),yes,480,4.80,paid,no,no,no,"placed decoration only, not clickable"
/world/models/structures/modular-door01.glb,Modular Door01,structures,Buildings & Places,tallFurniture,keyword,1.745,solid (blocks movement),yes,360,3.60,paid,no,no,no,"placed decoration only, not clickable"
/world/models/structures/modular-door02.glb,Modular Door02,structures,Buildings & Places,tallFurniture,keyword,1.745,solid (blocks movement),yes,360,3.60,paid,no,no,no,"placed decoration only, not clickable"
/world/models/structures/modular-fence01.glb,Modular Fence01,structures,Buildings & Places,personScale,keyword,1.745,solid (blocks movement),yes,480,4.80,paid,no,no,no,"placed decoration only, not clickable"
/world/models/structures/modular-fence02.glb,Modular Fence02,structures,Buildings & Places,personScale,keyword,1.745,solid (blocks movement),yes,480,4.80,paid,no,no,no,"placed decoration only, not clickable"
/world/models/structures/modular-fencepillar.glb,Modular Fencepillar,structures,Buildings & Places,personScale,keyword,1.745,solid (blocks movement),yes,480,4.80,paid,no,no,no,"placed decoration only, not clickable"
/world/models/structures/modular-floor.glb,Modular Floor,structures,Buildings & Places,furniture,keyword,0.873,solid (blocks movement),yes,300,3.00,paid,no,no,no,"placed decoration only, not clickable"
/world/models/structures/modular-helpstairs.glb,Modular Helpstairs,structures,Buildings & Places,personScale,category-fallback,4.363,solid (blocks movement),yes,480,4.80,paid,no,no,no,"placed decoration only, not clickable"
/world/models/structures/modular-pillar.glb,Modular Pillar,structures,Buildings & Places,personScale,keyword,1.745,solid (blocks movement),yes,480,4.80,paid,no,no,no,"placed decoration only, not clickable"
/world/models/structures/modular-roof.glb,Modular Roof,structures,Buildings & Places,furniture,keyword,0.873,solid (blocks movement),yes,300,3.00,paid,no,no,no,"placed decoration only, not clickable"
/world/models/structures/modular-signpost01.glb,Modular Signpost01,structures,Buildings & Places,personScale,keyword,1.745,solid (blocks movement),yes,480,4.80,paid,no,no,no,"placed decoration only, not clickable"
/world/models/structures/modular-signpost02.glb,Modular Signpost02,structures,Buildings & Places,personScale,keyword,1.745,solid (blocks movement),yes,480,4.80,paid,no,no,no,"placed decoration only, not clickable"
/world/models/structures/modular-signs01.glb,Modular Signs01,structures,Buildings & Places,personScale,keyword,1.745,solid (blocks movement),yes,480,4.80,paid,no,no,no,"placed decoration only, not clickable"
/world/models/structures/modular-signs02.glb,Modular Signs02,structures,Buildings & Places,personScale,keyword,1.745,solid (blocks movement),yes,480,4.80,paid,no,no,no,"placed decoration only, not clickable"
/world/models/structures/modular-stairs.glb,Modular Stairs,structures,Buildings & Places,personScale,category-fallback,4.363,solid (blocks movement),yes,480,4.80,paid,no,no,no,"placed decoration only, not clickable"
/world/models/structures/modular-streetlamp.glb,Modular Streetlamp,structures,Buildings & Places,personScale,category-fallback,4.363,solid (blocks movement),yes,480,4.80,paid,no,no,no,"placed decoration only, not clickable"
/world/models/structures/modular-wall.glb,Modular Wall,structures,Buildings & Places,personScale,category-fallback,4.363,solid (blocks movement),yes,480,4.80,paid,no,no,no,"placed decoration only, not clickable"
/world/models/structures/modular-window01.glb,Modular Window01,structures,Buildings & Places,tallFurniture,keyword,1.745,solid (blocks movement),yes,360,3.60,paid,no,no,no,"placed decoration only, not clickable"
/world/models/structures/modular-window02.glb,Modular Window02,structures,Buildings & Places,tallFurniture,keyword,1.745,solid (blocks movement),yes,360,3.60,paid,no,no,no,"placed decoration only, not clickable"
/world/models/structures/pack-bank.glb,Pack Bank,structures,Buildings & Places,largeStructure,keyword,7.853,solid (blocks movement),yes,3500,35.00,paid,no,no,no,"placed decoration only, not clickable"
/world/models/structures/pack-flat.glb,Pack Flat,structures,Buildings & Places,largeStructure,keyword,7.853,solid (blocks movement),yes,3500,35.00,paid,no,no,no,"placed decoration only, not clickable"
/world/models/structures/pack-flat2.glb,Pack Flat2,structures,Buildings & Places,largeStructure,keyword,7.853,solid (blocks movement),yes,3500,35.00,paid,no,no,no,"placed decoration only, not clickable"
/world/models/structures/pack-hospital.glb,Pack Hospital,structures,Buildings & Places,largeStructure,keyword,7.853,solid (blocks movement),yes,3500,35.00,paid,no,no,no,"placed decoration only, not clickable"
/world/models/structures/pack-house.glb,Pack House,structures,Buildings & Places,largeStructure,keyword,7.853,solid (blocks movement),yes,3500,35.00,paid,no,no,no,"placed decoration only, not clickable"
/world/models/structures/pack-house2.glb,Pack House2,structures,Buildings & Places,largeStructure,keyword,7.853,solid (blocks movement),yes,3500,35.00,paid,no,no,no,"placed decoration only, not clickable"
/world/models/structures/pack-house3.glb,Pack House3,structures,Buildings & Places,largeStructure,keyword,7.853,solid (blocks movement),yes,3500,35.00,paid,no,no,no,"placed decoration only, not clickable"
/world/models/structures/pack-house4.glb,Pack House4,structures,Buildings & Places,largeStructure,keyword,7.853,solid (blocks movement),yes,3500,35.00,paid,no,no,no,"placed decoration only, not clickable"
/world/models/structures/pack-house5.glb,Pack House5,structures,Buildings & Places,largeStructure,keyword,7.853,solid (blocks movement),yes,3500,35.00,paid,no,no,no,"placed decoration only, not clickable"
/world/models/structures/pack-shop.glb,Pack Shop,structures,Buildings & Places,largeStructure,keyword,7.853,solid (blocks movement),yes,3500,35.00,paid,no,no,no,"placed decoration only, not clickable"
/world/models/suburb/gas-station.glb,Gas Station,suburb,Buildings & Places,largeStructure,category-fallback,7.853,solid (blocks movement),yes,3500,35.00,paid,no,no,no,"placed decoration only, not clickable"
/world/models/suburb/house-country.glb,House Country,suburb,Buildings & Places,largeStructure,keyword,7.853,solid (blocks movement),yes,3500,35.00,paid,no,no,no,"placed decoration only, not clickable"
/world/models/suburb/house-hill-normal.glb,House Hill Normal,suburb,Buildings & Places,largeStructure,keyword,7.853,solid (blocks movement),yes,3500,35.00,paid,no,no,no,"placed decoration only, not clickable"
/world/models/suburb/house-hill-small.glb,House Hill Small,suburb,Buildings & Places,largeStructure,keyword,7.853,solid (blocks movement),yes,3500,35.00,paid,no,no,no,"placed decoration only, not clickable"
/world/models/suburb/house-luxurious.glb,House Luxurious,suburb,Buildings & Places,largeStructure,keyword,7.853,solid (blocks movement),yes,3500,35.00,paid,no,no,no,"placed decoration only, not clickable"
/world/models/suburb/house-mid.glb,House Mid,suburb,Buildings & Places,largeStructure,keyword,7.853,solid (blocks movement),yes,3500,35.00,paid,no,no,no,"placed decoration only, not clickable"
/world/models/suburb/house-modern.glb,House Modern,suburb,Buildings & Places,largeStructure,keyword,7.853,solid (blocks movement),yes,3500,35.00,paid,no,no,no,"placed decoration only, not clickable"
/world/models/suburb/house-small-carport-left.glb,House Small Carport Left,suburb,Buildings & Places,largeStructure,keyword,7.853,solid (blocks movement),yes,3500,35.00,paid,no,no,no,"placed decoration only, not clickable"
/world/models/suburb/house-small-carport-right.glb,House Small Carport Right,suburb,Buildings & Places,largeStructure,keyword,7.853,solid (blocks movement),yes,3500,35.00,paid,no,no,no,"placed decoration only, not clickable"
/world/models/suburb/house-small-garage.glb,House Small Garage,suburb,Buildings & Places,largeStructure,keyword,7.853,solid (blocks movement),yes,3500,35.00,paid,no,no,no,"placed decoration only, not clickable"
/world/models/suburb/house-small.2.glb,House Small.2,suburb,Buildings & Places,largeStructure,keyword,7.853,solid (blocks movement),yes,3500,35.00,paid,no,no,no,"placed decoration only, not clickable"
/world/models/suburb/house-small.glb,House Small,suburb,Buildings & Places,largeStructure,keyword,7.853,solid (blocks movement),yes,3500,35.00,paid,no,no,no,"placed decoration only, not clickable"
/world/models/suburb/road-straight-house-1-low.glb,Road Straight House 1 Low,suburb,Buildings & Places,largeStructure,keyword,7.853,solid (blocks movement),yes,3500,35.00,paid,no,no,no,"placed decoration only, not clickable"
/world/models/suburb/road-straight-house-2-low.glb,Road Straight House 2 Low,suburb,Buildings & Places,largeStructure,keyword,7.853,solid (blocks movement),yes,3500,35.00,paid,no,no,no,"placed decoration only, not clickable"
/world/models/toolsbits/anvil.gltf,Anvil,toolsbits,Props & Tools,smallObject,category-fallback,0.873,solid (blocks movement),yes,150,1.50,paid,no,yes,no,"static click-to-collect, same pattern as joke-card pickup"
/world/models/toolsbits/blueprint.gltf,Blueprint,toolsbits,Props & Tools,smallObject,category-fallback,0.873,solid (blocks movement),yes,150,1.50,paid,no,yes,no,"static click-to-collect, same pattern as joke-card pickup"
/world/models/toolsbits/blueprint_stacked.gltf,Blueprint Stacked,toolsbits,Props & Tools,smallObject,category-fallback,0.873,solid (blocks movement),yes,150,1.50,paid,no,yes,no,"static click-to-collect, same pattern as joke-card pickup"
/world/models/toolsbits/bucket_metal.gltf,Bucket Metal,toolsbits,Props & Tools,smallObject,category-fallback,0.873,solid (blocks movement),yes,150,1.50,paid,no,yes,no,"static click-to-collect, same pattern as joke-card pickup"
/world/models/toolsbits/chisel.gltf,Chisel,toolsbits,Props & Tools,smallObject,category-fallback,0.873,solid (blocks movement),yes,150,1.50,paid,no,yes,no,"static click-to-collect, same pattern as joke-card pickup"
/world/models/toolsbits/compass_base.gltf,Compass Base,toolsbits,Props & Tools,smallObject,category-fallback,0.873,solid (blocks movement),yes,150,1.50,paid,no,yes,no,"static click-to-collect, same pattern as joke-card pickup"
/world/models/toolsbits/drafting_compass.gltf,Drafting Compass,toolsbits,Props & Tools,smallObject,category-fallback,0.873,solid (blocks movement),yes,150,1.50,paid,no,yes,no,"static click-to-collect, same pattern as joke-card pickup"
/world/models/toolsbits/file.gltf,File,toolsbits,Props & Tools,smallObject,category-fallback,0.873,solid (blocks movement),yes,150,1.50,paid,no,yes,no,"static click-to-collect, same pattern as joke-card pickup"
/world/models/toolsbits/grindstone.gltf,Grindstone,toolsbits,Props & Tools,smallObject,category-fallback,0.873,solid (blocks movement),yes,150,1.50,paid,no,yes,no,"static click-to-collect, same pattern as joke-card pickup"
/world/models/toolsbits/hammer.gltf,Hammer,toolsbits,Props & Tools,smallObject,category-fallback,0.873,solid (blocks movement),yes,150,1.50,paid,no,yes,no,"static click-to-collect, same pattern as joke-card pickup"
/world/models/toolsbits/handdrill.gltf,Handdrill,toolsbits,Props & Tools,smallObject,category-fallback,0.873,solid (blocks movement),yes,150,1.50,paid,no,yes,no,"static click-to-collect, same pattern as joke-card pickup"
/world/models/toolsbits/handplane.gltf,Handplane,toolsbits,Props & Tools,smallObject,category-fallback,0.873,solid (blocks movement),yes,150,1.50,paid,no,yes,no,"static click-to-collect, same pattern as joke-card pickup"
/world/models/toolsbits/journal_closed.gltf,Journal Closed,toolsbits,Props & Tools,smallObject,category-fallback,0.873,solid (blocks movement),yes,150,1.50,paid,no,yes,no,"static click-to-collect, same pattern as joke-card pickup"
/world/models/toolsbits/journal_open.gltf,Journal Open,toolsbits,Props & Tools,smallObject,category-fallback,0.873,solid (blocks movement),yes,150,1.50,paid,no,yes,no,"static click-to-collect, same pattern as joke-card pickup"
/world/models/toolsbits/lantern.gltf,Lantern,toolsbits,Props & Tools,smallObject,category-fallback,0.873,solid (blocks movement),yes,150,1.50,paid,no,yes,no,"static click-to-collect, same pattern as joke-card pickup"
/world/models/toolsbits/magnifying_glass.gltf,Magnifying Glass,toolsbits,Props & Tools,smallObject,category-fallback,0.873,solid (blocks movement),yes,150,1.50,paid,no,yes,no,"static click-to-collect, same pattern as joke-card pickup"
/world/models/toolsbits/mallet.gltf,Mallet,toolsbits,Props & Tools,smallObject,category-fallback,0.873,solid (blocks movement),yes,150,1.50,paid,no,yes,no,"static click-to-collect, same pattern as joke-card pickup"
/world/models/toolsbits/map.gltf,Map,toolsbits,Props & Tools,smallObject,category-fallback,0.873,solid (blocks movement),yes,150,1.50,paid,no,yes,no,"static click-to-collect, same pattern as joke-card pickup"
/world/models/toolsbits/map_empty.gltf,Map Empty,toolsbits,Props & Tools,smallObject,category-fallback,0.873,solid (blocks movement),yes,150,1.50,paid,no,yes,no,"static click-to-collect, same pattern as joke-card pickup"
/world/models/toolsbits/map_rolled.gltf,Map Rolled,toolsbits,Props & Tools,smallObject,category-fallback,0.873,solid (blocks movement),yes,150,1.50,paid,no,yes,no,"static click-to-collect, same pattern as joke-card pickup"
/world/models/toolsbits/nail.gltf,Nail,toolsbits,Props & Tools,smallObject,category-fallback,0.873,solid (blocks movement),yes,150,1.50,paid,no,yes,no,"static click-to-collect, same pattern as joke-card pickup"
/world/models/toolsbits/pencil_A_long.gltf,Pencil A Long,toolsbits,Props & Tools,smallObject,category-fallback,0.873,solid (blocks movement),yes,150,1.50,paid,no,yes,no,"static click-to-collect, same pattern as joke-card pickup"
/world/models/toolsbits/pencil_A_short.gltf,Pencil A Short,toolsbits,Props & Tools,smallObject,category-fallback,0.873,solid (blocks movement),yes,150,1.50,paid,no,yes,no,"static click-to-collect, same pattern as joke-card pickup"
/world/models/toolsbits/pencil_B_long.gltf,Pencil B Long,toolsbits,Props & Tools,smallObject,category-fallback,0.873,solid (blocks movement),yes,150,1.50,paid,no,yes,no,"static click-to-collect, same pattern as joke-card pickup"
/world/models/toolsbits/pencil_B_short.gltf,Pencil B Short,toolsbits,Props & Tools,smallObject,category-fallback,0.873,solid (blocks movement),yes,150,1.50,paid,no,yes,no,"static click-to-collect, same pattern as joke-card pickup"
/world/models/toolsbits/rope_bundle_A.gltf,Rope Bundle A,toolsbits,Props & Tools,smallObject,category-fallback,0.873,solid (blocks movement),yes,150,1.50,paid,no,yes,no,"static click-to-collect, same pattern as joke-card pickup"
/world/models/toolsbits/rope_bundle_B.gltf,Rope Bundle B,toolsbits,Props & Tools,smallObject,category-fallback,0.873,solid (blocks movement),yes,150,1.50,paid,no,yes,no,"static click-to-collect, same pattern as joke-card pickup"
/world/models/toolsbits/scissors.gltf,Scissors,toolsbits,Props & Tools,smallObject,category-fallback,0.873,solid (blocks movement),yes,150,1.50,paid,no,yes,no,"static click-to-collect, same pattern as joke-card pickup"
/world/models/toolsbits/screw_A.gltf,Screw A,toolsbits,Props & Tools,smallObject,category-fallback,0.873,solid (blocks movement),yes,150,1.50,paid,no,yes,no,"static click-to-collect, same pattern as joke-card pickup"
/world/models/toolsbits/screw_B.gltf,Screw B,toolsbits,Props & Tools,smallObject,category-fallback,0.873,solid (blocks movement),yes,150,1.50,paid,no,yes,no,"static click-to-collect, same pattern as joke-card pickup"
/world/models/toolsbits/screwdriver_A_long.gltf,Screwdriver A Long,toolsbits,Props & Tools,smallObject,category-fallback,0.873,solid (blocks movement),yes,150,1.50,paid,no,yes,no,"static click-to-collect, same pattern as joke-card pickup"
/world/models/toolsbits/screwdriver_A_long_color.gltf,Screwdriver A Long Color,toolsbits,Props & Tools,smallObject,category-fallback,0.873,solid (blocks movement),yes,150,1.50,paid,no,yes,no,"static click-to-collect, same pattern as joke-card pickup"
/world/models/toolsbits/screwdriver_A_short.gltf,Screwdriver A Short,toolsbits,Props & Tools,smallObject,category-fallback,0.873,solid (blocks movement),yes,150,1.50,paid,no,yes,no,"static click-to-collect, same pattern as joke-card pickup"
/world/models/toolsbits/screwdriver_A_short_color.gltf,Screwdriver A Short Color,toolsbits,Props & Tools,smallObject,category-fallback,0.873,solid (blocks movement),yes,150,1.50,paid,no,yes,no,"static click-to-collect, same pattern as joke-card pickup"
/world/models/toolsbits/screwdriver_B_long.gltf,Screwdriver B Long,toolsbits,Props & Tools,smallObject,category-fallback,0.873,solid (blocks movement),yes,150,1.50,paid,no,yes,no,"static click-to-collect, same pattern as joke-card pickup"
/world/models/toolsbits/screwdriver_B_long_color.gltf,Screwdriver B Long Color,toolsbits,Props & Tools,smallObject,category-fallback,0.873,solid (blocks movement),yes,150,1.50,paid,no,yes,no,"static click-to-collect, same pattern as joke-card pickup"
/world/models/toolsbits/screwdriver_B_short.gltf,Screwdriver B Short,toolsbits,Props & Tools,smallObject,category-fallback,0.873,solid (blocks movement),yes,150,1.50,paid,no,yes,no,"static click-to-collect, same pattern as joke-card pickup"
/world/models/toolsbits/screwdriver_B_short_color.gltf,Screwdriver B Short Color,toolsbits,Props & Tools,smallObject,category-fallback,0.873,solid (blocks movement),yes,150,1.50,paid,no,yes,no,"static click-to-collect, same pattern as joke-card pickup"
/world/models/toolsbits/shovel.gltf,Shovel,toolsbits,Props & Tools,smallObject,category-fallback,0.873,solid (blocks movement),yes,150,1.50,paid,no,yes,no,"static click-to-collect, same pattern as joke-card pickup"
/world/models/toolsbits/tongs.gltf,Tongs,toolsbits,Props & Tools,smallObject,category-fallback,0.873,solid (blocks movement),yes,150,1.50,paid,no,yes,no,"static click-to-collect, same pattern as joke-card pickup"
/world/models/toolsbits/torch.gltf,Torch,toolsbits,Props & Tools,smallObject,category-fallback,0.873,solid (blocks movement),yes,150,1.50,paid,no,yes,no,"static click-to-collect, same pattern as joke-card pickup"
/world/models/toolsbits/torch_burnt.gltf,Torch Burnt,toolsbits,Props & Tools,smallObject,category-fallback,0.873,solid (blocks movement),yes,150,1.50,paid,no,yes,no,"static click-to-collect, same pattern as joke-card pickup"
/world/models/toolsbits/trowel.gltf,Trowel,toolsbits,Props & Tools,smallObject,category-fallback,0.873,solid (blocks movement),yes,150,1.50,paid,no,yes,no,"static click-to-collect, same pattern as joke-card pickup"
/world/models/toolsbits/wrench_A.gltf,Wrench A,toolsbits,Props & Tools,smallObject,category-fallback,0.873,solid (blocks movement),yes,150,1.50,paid,no,yes,no,"static click-to-collect, same pattern as joke-card pickup"
/world/models/toolsbits/wrench_B.gltf,Wrench B,toolsbits,Props & Tools,smallObject,category-fallback,0.873,solid (blocks movement),yes,150,1.50,paid,no,yes,no,"static click-to-collect, same pattern as joke-card pickup"
/world/models/tree-pine.glb,Tree Pine,misc,Props & Tools,furniture,category-fallback,1.396,solid (blocks movement),yes,500,5.00,paid,no,no,no,"placed decoration only, not clickable"
/world/models/water/Anchor_A.glb,Anchor A,water,Nature & Animals,furniture,category-fallback,1.396,walkable (walk-through),yes,500,5.00,paid,no,no,no,"placed decoration only, not clickable"
/world/models/water/Bait_Box_A.glb,Bait Box A,water,Nature & Animals,smallObject,keyword,0.436,walkable (walk-through),yes,150,1.50,paid,no,yes,no,static click-to-collect
/world/models/water/Bell_Stand_A.glb,Bell Stand A,water,Nature & Animals,furniture,keyword,0.873,walkable (walk-through),yes,500,5.00,paid,no,no,no,"placed decoration only, not clickable"
/world/models/water/Boarding_Plank.glb,Boarding Plank,water,Nature & Animals,furniture,category-fallback,1.396,walkable (walk-through),yes,500,5.00,paid,no,no,no,"placed decoration only, not clickable"
/world/models/water/Boat_House_A.glb,Boat House A,water,Nature & Animals,largeStructure,keyword,7.853,solid (blocks movement),yes,3500,35.00,paid,no,no,no,"placed decoration only, not clickable"
/world/models/water/Boat_Stand_A.glb,Boat Stand A,water,Nature & Animals,furniture,keyword,0.873,walkable (walk-through),yes,500,5.00,paid,no,no,no,"placed decoration only, not clickable"
/world/models/water/Boat_Wash_Station.glb,Boat Wash Station,water,Nature & Animals,furniture,category-fallback,1.396,walkable (walk-through),yes,500,5.00,paid,no,no,no,"placed decoration only, not clickable"
/world/models/water/Bollard_A.glb,Bollard A,water,Nature & Animals,furniture,category-fallback,1.396,walkable (walk-through),yes,500,5.00,paid,no,no,no,"placed decoration only, not clickable"
/world/models/water/Buoy_Garland.glb,Buoy Garland,water,Nature & Animals,furniture,category-fallback,1.396,walkable (walk-through),yes,500,5.00,paid,no,no,no,"placed decoration only, not clickable"
/world/models/water/Cargo_Barrel_A.glb,Cargo Barrel A,water,Nature & Animals,furniture,keyword,0.873,walkable (walk-through),yes,500,5.00,paid,no,no,no,"placed decoration only, not clickable"
/world/models/water/Dock_Chair_A.glb,Dock Chair A,water,Nature & Animals,furniture,keyword,0.873,walkable (walk-through),yes,500,5.00,paid,no,no,no,"placed decoration only, not clickable"
/world/models/water/Railing_A.glb,Railing A,water,Nature & Animals,furniture,category-fallback,1.396,walkable (walk-through),yes,500,5.00,paid,no,no,no,"placed decoration only, not clickable"
/world/models/water/waterpack.glb,Waterpack,water,Nature & Animals,furniture,category-fallback,1.396,walkable (walk-through),yes,500,5.00,paid,no,no,no,"placed decoration only, not clickable"